"config","cfg_id","set","tipo","def_ucl","R","primaria","UCL_off","UCL_c2","met_off","met_c2","delta","se_boot","ic90_lo","ic90_hi","icadj_lo","icadj_hi","margen","clase","falla","ARL_off","ARL_c2","mcnemar_b01","mcnemar_b10","mcnemar_p","metmax_off","metmax_c2","swamp_off","swamp_c2","best_igual","cov_igual","relF_med","n_pert","best_offp_igual","disc_c2_off","disc_offp_off","delta_self"
"I_50x200",1,"IC","FA","best",5,TRUE,40.6970999580702,40.6611010152942,0,0,0,0.0920327254319096,-0.151380362224905,0.151380362224905,-0.27960225834683,0.27960225834683,0.01,"NO_DEMOSTRADA",FALSE,Inf,Inf,0,0,1,0,0,0.24,0.24,0,0,0.50743251278133,2,0,0.18,0.22,0
"I_50x200",1,"IC","FA","todas",5,FALSE,1124.24410548626,1144.12338783511,0.052,0.044,-0.008,0.0152643836113738,-0.0331076767463467,0.0171076767463467,-0.0543743316302209,0.0383743316302209,0.01,"NO_DEMOSTRADA",FALSE,19.2307692307692,22.7272727272727,0,0,1,0,0,0.24,0.24,0,0,0.50743251278133,2,0,0.18,0.22,0
"I_50x200",1,"M010","SP","best",5,TRUE,40.6970999580702,40.6611010152942,0.28,0.28,0,0.118000766542098,-0.194093988829823,0.194093988829823,-0.358495096792907,0.358495096792907,0.02,"NO_DEMOSTRADA",FALSE,3.57142857142857,3.57142857142857,0,1,1,0.28,0.28,0.235555555555556,0.235555555555556,0,0,0.438617649178889,2,0,0.18,0.26,-0.1
"I_50x200",1,"M010","SP","todas",5,FALSE,1124.24410548626,1144.12338783511,0.08,0.08,0,0.0157160737741451,-0.0258506409488395,0.0258506409488395,-0.0477465999075236,0.0477465999075236,0.02,"NO_DEMOSTRADA",FALSE,12.5,12.5,0,0,1,0.28,0.28,0.235555555555556,0.235555555555556,0,0,0.438617649178889,2,0,0.18,0.26,-0.1
"I_50x200",1,"M025","SP","best",5,TRUE,40.6970999580702,40.6611010152942,0.44,0.24,-0.2,0.116749269632829,-0.392035459599494,-0.00796454040050618,-0.554692956190166,0.154692956190166,0.02,"NO_DEMOSTRADA",FALSE,2.27272727272727,4.16666666666667,0,1,1,0.44,0.24,0.217777777777778,0.24,0,0,0.529100740563651,2,0,0.24,0.14,-0.2
"I_50x200",1,"M025","SP","todas",5,FALSE,1124.24410548626,1144.12338783511,0.08,0,-0.08,0.0534911818215238,-0.167985164429054,0.00798516442905398,-0.242510185032,0.0825101850320003,0.02,"NO_DEMOSTRADA",FALSE,12.5,Inf,0,2,0.5,0.44,0.24,0.217777777777778,0.24,0,0,0.529100740563651,2,0,0.24,0.14,-0.2
"I_50x200",1,"M050","SP","best",5,TRUE,40.6970999580702,40.6611010152942,0.72,0.88,0.16,0.107782584062249,-0.0172865743169913,0.337286574316991,-0.167451499157851,0.487451499157851,0.02,"NO_INFERIOR",FALSE,1.38888888888889,1.13636363636364,0,0,1,0.68,0.88,0.191111111111111,0.186666666666667,0,0,0.495261672306755,2,0,0.16,0.28,-0.1
"I_50x200",1,"M050","SP","todas",5,FALSE,1124.24410548626,1144.12338783511,0.4,0.4,0,0.139426535472879,-0.229336242565842,0.229336242565842,-0.423588174844756,0.423588174844756,0.02,"NO_DEMOSTRADA",FALSE,2.5,2.5,0,1,1,0.68,0.88,0.191111111111111,0.186666666666667,0,0,0.495261672306755,2,0,0.16,0.28,-0.1
"I_50x200",1,"M025_P20","SP","best",5,TRUE,40.6970999580702,40.6611010152942,0.3,0.36,0.06,0.0489897948556636,-0.0205810417519468,0.140581041751947,-0.0888346369544998,0.2088346369545,0.02,"NO_DEMOSTRADA",FALSE,3.33333333333333,2.77777777777778,0,0,1,0.3,0.34,0.225,0.215,0,0,0.452692359618756,2,1,0.1,0,0
"I_50x200",1,"M025_P20","SP","todas",5,FALSE,1124.24410548626,1144.12338783511,0.1,0.04,-0.06,0.0379154043819558,-0.122365290414992,0.00236529041499178,-0.175189815813631,0.0551898158136308,0.02,"NO_DEMOSTRADA",FALSE,10,25,0,1,1,0.3,0.34,0.225,0.215,0,0,0.452692359618756,2,1,0.1,0,0
"I_50x200",1,"DIF","SP","best",5,TRUE,40.6970999580702,40.6611010152942,0.52,0.48,-0.04,0.0956490654350213,-0.197328712195313,0.117328712195313,-0.330588967988153,0.250588967988153,0.02,"NO_DEMOSTRADA",FALSE,1.92307692307692,2.08333333333333,0,0,1,0.52,0.48,0.208888888888889,0.213333333333333,0,0,0.444296017881048,2,0.5,0.14,0.08,-0.1
"I_50x200",1,"DIF","SP","todas",5,FALSE,1124.24410548626,1144.12338783511,0.24,0.12,-0.12,0.0861215688612067,-0.261657374900107,0.0216573749001067,-0.381643725456993,0.141643725456993,0.02,"NO_DEMOSTRADA",FALSE,4.16666666666667,8.33333333333333,0,1,1,0.52,0.48,0.208888888888889,0.213333333333333,0,0,0.444296017881048,2,0.5,0.14,0.08,-0.1
"I_50x200",1,"COR","SP","best",5,TRUE,40.6970999580702,40.6611010152942,0.44,0.56,0.12,0.0543796444328502,0.0305534446222949,0.209446555377705,-0.0452094004623571,0.285209400462357,0.02,"NO_INFERIOR",FALSE,2.27272727272727,1.78571428571429,0,0,1,0.44,0.56,0.288888888888889,0.337777777777778,0,0,0.442602688117907,2,0.5,0.36,0.11,-0.1
"I_50x200",1,"COR","SP","todas",5,FALSE,1124.24410548626,1144.12338783511,0.08,0.12,0.04,0.118707274778874,-0.155256091465556,0.235256091465556,-0.320641521313276,0.400641521313275,0.02,"NO_DEMOSTRADA",FALSE,12.5,8.33333333333333,0,1,1,0.44,0.56,0.288888888888889,0.337777777777778,0,0,0.442602688117907,2,0.5,0.36,0.11,-0.1
"I_100x200",2,"IC","FA","best",5,TRUE,74.7182270371429,74.5491428331915,0.0533333333333333,0.0533333333333333,0,0.0176088856306883,-0.0289640393962114,0.0289640393962114,-0.0534971029729434,0.0534971029729434,0.01,"NO_DEMOSTRADA",FALSE,18.75,18.75,0,0,1,0.00266666666666667,0,0.29,0.29,0,0,0.509586864426805,2,0.5,0.18,0.145,-0.02
"I_100x200",2,"IC","FA","todas",5,FALSE,1303.30344217853,1330.67235363429,0.072,0.062,-0.01,0.0157833287787046,-0.0359612655870197,0.0159612655870197,-0.0579509256087531,0.0379509256087531,0.01,"NO_DEMOSTRADA",FALSE,13.8888888888889,16.1290322580645,0,0,1,0.00266666666666667,0,0.29,0.29,0,0,0.509586864426805,2,0.5,0.18,0.145,-0.02
"I_100x200",2,"M010","SP","best",5,TRUE,74.7182270371429,74.5491428331915,0.28,0.28,0,0.0486753164567094,-0.0800637708168291,0.0800637708168291,-0.147879228211183,0.147879228211183,0.02,"NO_DEMOSTRADA",FALSE,3.57142857142857,3.57142857142857,0,0,1,0.24,0.24,0.268888888888889,0.282222222222222,0,0,0.458718813185844,2,0,0.195,0.03,-0.05
"I_100x200",2,"M010","SP","todas",5,FALSE,1303.30344217853,1330.67235363429,0.08,0.1,0.02,0.0459512523000157,-0.055583084008643,0.095583084008643,-0.119603318891767,0.159603318891767,0.02,"NO_DEMOSTRADA",FALSE,12.5,10,1,1,1,0.24,0.24,0.268888888888889,0.282222222222222,0,0,0.458718813185844,2,0,0.195,0.03,-0.05
"I_100x200",2,"M025","SP","best",5,TRUE,74.7182270371429,74.5491428331915,0.52,0.46,-0.06,0.0603066702145111,-0.159195645231705,0.0391956452317049,-0.243216145194245,0.123216145194245,0.02,"NO_DEMOSTRADA",FALSE,1.92307692307692,2.17391304347826,0,0,1,0.48,0.4,0.248888888888889,0.262222222222222,0,0,0.43437899107984,2,0.5,0.17,0.105,0
"I_100x200",2,"M025","SP","todas",5,FALSE,1303.30344217853,1330.67235363429,0.12,0.1,-0.02,0.0272055270766362,-0.0647491098851316,0.0247491098851316,-0.102652412763448,0.0626524127634484,0.02,"NO_DEMOSTRADA",FALSE,8.33333333333333,10,0,0,1,0.48,0.4,0.248888888888889,0.262222222222222,0,0,0.43437899107984,2,0.5,0.17,0.105,0
"I_100x200",2,"M050","SP","best",5,TRUE,74.7182270371429,74.5491428331915,0.82,0.88,0.06,0.0469533072884822,-0.0172313177908269,0.137231317790827,-0.0826476364043484,0.202647636404348,0.02,"NO_INFERIOR",FALSE,1.21951219512195,1.13636363636364,0,0,1,0.76,0.86,0.215555555555556,0.208888888888889,0,0,0.397703553343437,2,0.5,0.135,0.08,0
"I_100x200",2,"M050","SP","todas",5,FALSE,1303.30344217853,1330.67235363429,0.4,0.4,0,0.0907300928509594,-0.149237722299544,0.149237722299544,-0.275644763773888,0.275644763773888,0.02,"NO_DEMOSTRADA",FALSE,2.5,2.5,0,0,1,0.76,0.86,0.215555555555556,0.208888888888889,0,0,0.397703553343437,2,0.5,0.135,0.08,0
"I_100x200",2,"M025_P20","SP","best",5,TRUE,74.7182270371429,74.5491428331915,0.31,0.31,0,0.0290637403825647,-0.0478055987810376,0.0478055987810376,-0.0882978028612581,0.0882978028612581,0.02,"NO_DEMOSTRADA",FALSE,3.2258064516129,3.2258064516129,0,0,1,0.27,0.3,0.3025,0.3325,0,0,0.458369056635884,2,0.5,0.145,0.035,0.05
"I_100x200",2,"M025_P20","SP","todas",5,FALSE,1303.30344217853,1330.67235363429,0.05,0.02,-0.03,0.0203160332257592,-0.0634169009366566,0.00341690093665655,-0.0917216185211654,0.0317216185211654,0.02,"NO_DEMOSTRADA",FALSE,20,50,0,1,1,0.27,0.3,0.3025,0.3325,0,0,0.458369056635884,2,0.5,0.145,0.035,0.05
"I_100x200",2,"DIF","SP","best",5,TRUE,74.7182270371429,74.5491428331915,0.46,0.52,0.06,0.0565435750496639,-0.0330059045012425,0.153005904501242,-0.111783582466938,0.231783582466938,0.02,"NO_DEMOSTRADA",FALSE,2.17391304347826,1.92307692307692,0,0,1,0.42,0.52,0.253333333333333,0.257777777777778,0,0,0.432102371188737,2,0,0.145,0.16,-0.05
"I_100x200",2,"DIF","SP","todas",5,FALSE,1303.30344217853,1330.67235363429,0.1,0.14,0.04,0.0326046825875236,-0.0136299304096897,0.0936299304096897,-0.0590554483893653,0.139055448389365,0.02,"NO_INFERIOR",FALSE,10,7.14285714285714,1,0,1,0.42,0.52,0.253333333333333,0.257777777777778,0,0,0.432102371188737,2,0,0.145,0.16,-0.05
"I_100x200",2,"COR","SP","best",5,TRUE,74.7182270371429,74.5491428331915,0.26,0.34,0.08,0.0313795055224612,0.0283853065294361,0.131614693470564,-0.0153332694290166,0.175333269429017,0.02,"NO_INFERIOR",FALSE,3.84615384615385,2.94117647058824,0,0,1,0.24,0.34,0.328888888888889,0.32,0,0,0.459074174672169,2,0,0.145,0.195,-0.05
"I_100x200",2,"COR","SP","todas",5,FALSE,1303.30344217853,1330.67235363429,0.08,0.08,0,0,0,0,0,0,0.02,"EQUIV",FALSE,12.5,12.5,0,0,1,0.24,0.34,0.328888888888889,0.32,0,0,0.459074174672169,2,0,0.145,0.195,-0.05
"I_50x250",3,"IC","FA","best",5,TRUE,41.9660594676703,42.0576675608946,0.0157894736842105,0,-0.0157894736842105,0.0195146890962132,-0.0478882808229471,0.016309333454526,-0.0750765491960004,0.0434976018275794,0.01,"NO_DEMOSTRADA",FALSE,63.3333333333333,Inf,0,2,0.5,0,0,0.252,0.24,0,0,0.489117158295821,2,0,0.22,0.15,-0.0131578947368421
"I_50x250",3,"IC","FA","todas",5,FALSE,1244.30021120558,1264.21543451128,0.076,0.068,-0.00799999999999999,0.020202631800295,-0.0412303721906804,0.0252303721906804,-0.069377096564321,0.053377096564321,0.01,"NO_DEMOSTRADA",FALSE,13.1578947368421,14.7058823529412,0,0,1,0,0,0.252,0.24,0,0,0.489117158295821,2,0,0.22,0.15,-0.0131578947368421
"I_50x250",3,"M010","SP","best",5,TRUE,41.9660594676703,42.0576675608946,0.36,0.24,-0.12,0.136741549121989,-0.344919833028267,0.104919833028267,-0.535430986803047,0.295430986803047,0.02,"NO_DEMOSTRADA",FALSE,2.77777777777778,4.16666666666667,0,1,1,0.32,0.24,0.253333333333333,0.288888888888889,0,0,0.54774544188965,2,0,0.22,0.21,-0.2
"I_50x250",3,"M010","SP","todas",5,FALSE,1244.30021120558,1264.21543451128,0.12,0.08,-0.04,0.0583856525364798,-0.136035852336557,0.0560358523365573,-0.217379950747312,0.137379950747312,0.02,"NO_DEMOSTRADA",FALSE,8.33333333333333,12.5,0,1,1,0.32,0.24,0.253333333333333,0.288888888888889,0,0,0.54774544188965,2,0,0.22,0.21,-0.2
"I_50x250",3,"M025","SP","best",5,TRUE,41.9660594676703,42.0576675608946,0.32,0.2,-0.12,0.0462390554753909,-0.196056478105507,-0.043943521894493,-0.26047768632375,0.0204776863237502,0.02,"NO_DEMOSTRADA",FALSE,3.125,5,0,2,0.5,0.32,0.2,0.244444444444444,0.244444444444444,0.2,0,0.454894332099255,2,0,0.18,0.28,-0.3
"I_50x250",3,"M025","SP","todas",5,FALSE,1244.30021120558,1264.21543451128,0.08,0,-0.08,0.052278342797263,-0.16599022176109,0.00599022176109029,-0.238825489956384,0.0788254899563842,0.02,"NO_DEMOSTRADA",FALSE,12.5,Inf,0,1,1,0.32,0.2,0.244444444444444,0.244444444444444,0.2,0,0.454894332099255,2,0,0.18,0.28,-0.3
"I_50x250",3,"M050","SP","best",5,TRUE,41.9660594676703,42.0576675608946,0.84,0.88,0.04,0.0949183198185994,-0.116126742617763,0.196126742617763,-0.248368908507465,0.328368908507465,0.02,"NO_DEMOSTRADA",FALSE,1.19047619047619,1.13636363636364,0,0,1,0.8,0.88,0.213333333333333,0.182222222222222,0,0,0.448149555303925,2,0,0.16,0.38,0.2
"I_50x250",3,"M050","SP","todas",5,FALSE,1244.30021120558,1264.21543451128,0.64,0.6,-0.04,0.087584216471202,-0.184063216126359,0.104063216126359,-0.306087357578078,0.226087357578078,0.02,"NO_DEMOSTRADA",FALSE,1.5625,1.66666666666667,0,0,1,0.8,0.88,0.213333333333333,0.182222222222222,0,0,0.448149555303925,2,0,0.16,0.38,0.2
"I_50x250",3,"M025_P20","SP","best",5,TRUE,41.9660594676703,42.0576675608946,0.5,0.4,-0.1,0.126769049691946,-0.308516531170988,0.108516531170988,-0.485133792528761,0.285133792528761,0.02,"NO_DEMOSTRADA",FALSE,2,2.5,0,0,1,0.38,0.36,0.4,0.34,0,0,0.439872567255015,2,0.5,0.12,0.1,0.05
"I_50x250",3,"M025_P20","SP","todas",5,FALSE,1244.30021120558,1264.21543451128,0.02,0.02,0,0.00721806778248606,-0.0118726649716038,0.0118726649716038,-0.0219290262611722,0.0219290262611722,0.02,"EQUIV",FALSE,50,50,0,0,1,0.38,0.36,0.4,0.34,0,0,0.439872567255015,2,0.5,0.12,0.1,0.05
"I_50x250",3,"DIF","SP","best",5,TRUE,41.9660594676703,42.0576675608946,0.44,0.48,0.04,0.0988453947349167,-0.122586206037178,0.202586206037178,-0.260299653904241,0.340299653904241,0.02,"NO_DEMOSTRADA",FALSE,2.27272727272727,2.08333333333333,0,0,1,0.4,0.48,0.333333333333333,0.253333333333333,0,0,0.500067126978206,2,0.5,0.21,0.15,0.1
"I_50x250",3,"DIF","SP","todas",5,FALSE,1244.30021120558,1264.21543451128,0,0,0,0.0680617514471253,-0.111951618724474,0.111951618724474,-0.20677665821965,0.20677665821965,0.02,"NO_DEMOSTRADA",FALSE,Inf,Inf,0,0,1,0.4,0.48,0.333333333333333,0.253333333333333,0,0,0.500067126978206,2,0.5,0.21,0.15,0.1
"I_50x250",3,"COR","SP","best",5,TRUE,41.9660594676703,42.0576675608946,0.48,0.48,0,0.119920241500791,-0.197251244177473,0.197251244177473,-0.364326604343859,0.364326604343859,0.02,"NO_DEMOSTRADA",FALSE,2.08333333333333,2.08333333333333,0,0,1,0.4,0.44,0.537777777777778,0.275555555555556,0,0,0.39567092198803,2,0,0.46,0.08,-0.2
"I_50x250",3,"COR","SP","todas",5,FALSE,1244.30021120558,1264.21543451128,0.08,0.16,0.08,0.059807059968791,-0.01837385950697,0.17837385950697,-0.101698292144245,0.261698292144245,0.02,"NO_INFERIOR",FALSE,12.5,6.25,1,0,1,0.4,0.44,0.537777777777778,0.275555555555556,0,0,0.39567092198803,2,0,0.46,0.08,-0.2
"I_100x250",4,"IC","FA","best",5,TRUE,77.0403142159524,77.0080032325838,0.0826666666666667,0.072,-0.0106666666666667,0.0183688323894058,-0.0408807072452445,0.0195473739119111,-0.06647254436038,0.0451392110270467,0.01,"NO_DEMOSTRADA",FALSE,12.0967741935484,13.8888888888889,0,0,1,0.00266666666666667,0.016,0.312,0.304,0,0,0.422904931622757,2,0.5,0.135,0.025,0.00666666666666667
"I_100x250",4,"IC","FA","todas",5,FALSE,1559.08996654197,1560.06323430928,0.04,0.044,0.004,0.0121247120879665,-0.015943376653634,0.023943376653634,-0.0328357762490549,0.0408357762490549,0.01,"NO_DEMOSTRADA",FALSE,25,22.7272727272727,1,0,1,0.00266666666666667,0.016,0.312,0.304,0,0,0.422904931622757,2,0.5,0.135,0.025,0.00666666666666667
"I_100x250",4,"M010","SP","best",5,TRUE,77.0403142159524,77.0080032325838,0.26,0.18,-0.08,0.0394116274963309,-0.1448263584314,-0.0151736415685998,-0.199735452811847,0.0397354528118475,0.02,"NO_DEMOSTRADA",FALSE,3.84615384615385,5.55555555555556,0,0,1,0.24,0.18,0.284444444444444,0.273333333333333,0,0,0.413847150198339,2,0,0.11,0.08,0.05
"I_100x250",4,"M010","SP","todas",5,FALSE,1559.08996654197,1560.06323430928,0.02,0.02,0,0.0122470384072536,-0.020144585543585,0.020144585543585,-0.037207412696497,0.037207412696497,0.02,"NO_DEMOSTRADA",FALSE,50,50,0,0,1,0.24,0.18,0.284444444444444,0.273333333333333,0,0,0.413847150198339,2,0,0.11,0.08,0.05
"I_100x250",4,"M025","SP","best",5,TRUE,77.0403142159524,77.0080032325838,0.54,0.56,0.02,0.0947625437527532,-0.135870513790864,0.175870513790864,-0.267895649244496,0.307895649244496,0.02,"NO_DEMOSTRADA",FALSE,1.85185185185185,1.78571428571429,0,0,1,0.46,0.52,0.284444444444444,0.255555555555556,0,0,0.476872291642665,2,0,0.18,0.085,0
"I_100x250",4,"M025","SP","todas",5,FALSE,1559.08996654197,1560.06323430928,0.18,0.24,0.06,0.0414336061499957,-0.00815221735349925,0.128152217353499,-0.0658783742046517,0.185878374204652,0.02,"NO_INFERIOR",FALSE,5.55555555555556,4.16666666666667,1,0,1,0.46,0.52,0.284444444444444,0.255555555555556,0,0,0.476872291642665,2,0,0.18,0.085,0
"I_100x250",4,"M050","SP","best",5,TRUE,77.0403142159524,77.0080032325838,0.8,0.94,0.14,0.0534403344556681,0.0520984720450945,0.227901527954905,-0.0223557069563213,0.302355706956321,0.02,"NO_INFERIOR",FALSE,1.25,1.06382978723404,0,0,1,0.78,0.94,0.293333333333333,0.202222222222222,0,0,0.429986207715355,2,0,0.125,0.115,0
"I_100x250",4,"M050","SP","todas",5,FALSE,1559.08996654197,1560.06323430928,0.36,0.52,0.16,0.0632581851616828,0.0559495447024383,0.264050455297562,-0.0321830669158465,0.352183066915847,0.02,"NO_INFERIOR",FALSE,2.77777777777778,1.92307692307692,1,0,1,0.78,0.94,0.293333333333333,0.202222222222222,0,0,0.429986207715355,2,0,0.125,0.115,0
"I_100x250",4,"M025_P20","SP","best",5,TRUE,77.0403142159524,77.0080032325838,0.49,0.5,0.01,0.0494365234340587,-0.0713158448743828,0.0913158448743828,-0.140191831569797,0.160191831569797,0.02,"NO_DEMOSTRADA",FALSE,2.04081632653061,2,0,0,1,0.33,0.43,0.3575,0.3225,0,0,0.448012791883994,2,0,0.09,0.075,0.05
"I_100x250",4,"M025_P20","SP","todas",5,FALSE,1559.08996654197,1560.06323430928,0.04,0.04,0,0.0202275994347938,-0.0332714402948422,0.0332714402948422,-0.0614529500931467,0.0614529500931467,0.02,"NO_DEMOSTRADA",FALSE,25,25,1,1,1,0.33,0.43,0.3575,0.3225,0,0,0.448012791883994,2,0,0.09,0.075,0.05
"I_100x250",4,"DIF","SP","best",5,TRUE,77.0403142159524,77.0080032325838,0.58,0.6,0.02,0.07256257046967,-0.0993548072179584,0.139354807217958,-0.200450480843157,0.240450480843157,0.02,"NO_DEMOSTRADA",FALSE,1.72413793103448,1.66666666666667,0,0,1,0.54,0.6,0.253333333333333,0.244444444444444,0,0,0.448883540215173,2,0,0.14,0.185,-0.05
"I_100x250",4,"DIF","SP","todas",5,FALSE,1559.08996654197,1560.06323430928,0.24,0.24,0,0.0502180171475453,-0.082601287643451,0.082601287643451,-0.152566067540201,0.152566067540201,0.02,"NO_DEMOSTRADA",FALSE,4.16666666666667,4.16666666666667,0,0,1,0.54,0.6,0.253333333333333,0.244444444444444,0,0,0.448883540215173,2,0,0.14,0.185,-0.05
"I_100x250",4,"COR","SP","best",5,TRUE,77.0403142159524,77.0080032325838,0.22,0.32,0.1,0.056949594216351,0.00632625339982058,0.193673746600179,-0.0730170988645563,0.273017098864556,0.02,"NO_INFERIOR",FALSE,4.54545454545455,3.125,0,0,1,0.18,0.32,0.508888888888889,0.322222222222222,0,0,0.478590570740222,2,0,0.23,0.06,0.05
"I_100x250",4,"COR","SP","todas",5,FALSE,1559.08996654197,1560.06323430928,0.04,0.1,0.06,0.0452103959228128,-0.0143644837095506,0.134364483709551,-0.0773525421685478,0.197352542168548,0.02,"NO_INFERIOR",FALSE,25,10,1,0,1,0.18,0.32,0.508888888888889,0.322222222222222,0,0,0.478590570740222,2,0,0.23,0.06,0.05
"AR07_50x200",5,"IC","FA","best",5,TRUE,42.3997491255061,42.4114546031352,0.00526315789473684,0.0210526315789474,0.0157894736842105,0.0493375357136483,-0.0653635508792317,0.0969424982476528,-0.134101625835705,0.165680573204126,0.01,"NO_DEMOSTRADA",FALSE,190,47.5,1,0,1,0,0,0.244,0.256,0,0,0.36197657435603,2,0.5,0.18,0.02,0
"AR07_50x200",5,"IC","FA","todas",5,FALSE,719.870351569393,704.529344190236,0.028,0.032,0.004,0.0291474780622086,-0.0439433350071123,0.0519433350071123,-0.0845522041541382,0.0925522041541382,0.01,"NO_DEMOSTRADA",FALSE,35.7142857142857,31.25,0,0,1,0,0,0.244,0.256,0,0,0.36197657435603,2,0.5,0.18,0.02,0
"AR07_50x200",5,"M010","SP","best",5,TRUE,42.3997491255061,42.4114546031352,0.32,0.32,0,0.0698595863790019,-0.114908794032831,0.114908794032831,-0.212238614330679,0.212238614330679,0.02,"NO_DEMOSTRADA",FALSE,3.125,3.125,0,1,1,0.32,0.32,0.248888888888889,0.253333333333333,0,0,0.417981432360295,2,0,0.12,0.09,-0.1
"AR07_50x200",5,"M010","SP","todas",5,FALSE,719.870351569393,704.529344190236,0.16,0.16,0,0.0362675706853532,-0.059654845182522,0.059654845182522,-0.110183574601194,0.110183574601194,0.02,"NO_DEMOSTRADA",FALSE,6.25,6.25,0,0,1,0.32,0.32,0.248888888888889,0.253333333333333,0,0,0.417981432360295,2,0,0.12,0.09,-0.1
"AR07_50x200",5,"M025","SP","best",5,TRUE,42.3997491255061,42.4114546031352,0.28,0.28,0,0.0673611730761197,-0.110799269849961,0.110799269849961,-0.204648249072112,0.204648249072112,0.02,"NO_DEMOSTRADA",FALSE,3.57142857142857,3.57142857142857,1,0,1,0.24,0.28,0.253333333333333,0.248888888888889,0.4,0,0.376916146884525,2,0,0.1,0.12,-0.1
"AR07_50x200",5,"M025","SP","todas",5,FALSE,719.870351569393,704.529344190236,0,0,0,0.0282067029348037,-0.0463958976266546,0.0463958976266546,-0.0856940594128574,0.0856940594128574,0.02,"NO_DEMOSTRADA",FALSE,Inf,Inf,0,0,1,0.24,0.28,0.253333333333333,0.248888888888889,0.4,0,0.376916146884525,2,0,0.1,0.12,-0.1
"AR07_50x200",5,"M050","SP","best",5,TRUE,42.3997491255061,42.4114546031352,0.76,0.72,-0.04,0.0620183146883557,-0.14201104985256,0.0620110498525596,-0.228416248289397,0.148416248289397,0.02,"NO_DEMOSTRADA",FALSE,1.31578947368421,1.38888888888889,0,0,1,0.76,0.72,0.208888888888889,0.217777777777778,0.2,0,0.362286410153263,2,0.5,0.16,0.05,0.1
"AR07_50x200",5,"M050","SP","todas",5,FALSE,719.870351569393,704.529344190236,0.12,0.08,-0.04,0.116721719482687,-0.231990143635109,0.151990143635109,-0.394609256786921,0.314609256786922,0.02,"NO_DEMOSTRADA",FALSE,8.33333333333333,12.5,2,2,1,0.76,0.72,0.208888888888889,0.217777777777778,0.2,0,0.362286410153263,2,0.5,0.16,0.05,0.1
"AR07_50x200",5,"M025_P20","SP","best",5,TRUE,42.3997491255061,42.4114546031352,0.28,0.26,-0.02,0.0569325617104533,-0.113645730621078,0.0736457306210775,-0.19296535284604,0.15296535284604,0.02,"NO_DEMOSTRADA",FALSE,3.57142857142857,3.84615384615385,0,0,1,0.28,0.26,0.23,0.235,0,0,0.291548610288273,2,0.5,0.16,0.15,0.05
"AR07_50x200",5,"M025_P20","SP","todas",5,FALSE,719.870351569393,704.529344190236,0.06,0.04,-0.02,0.0422054082128352,-0.0894217187758494,0.0494217187758494,-0.148223166220252,0.108223166220252,0.02,"NO_DEMOSTRADA",FALSE,16.6666666666667,25,0,1,1,0.28,0.26,0.23,0.235,0,0,0.291548610288273,2,0.5,0.16,0.15,0.05
"AR07_50x200",5,"DIF","SP","best",5,TRUE,42.3997491255061,42.4114546031352,0.4,0.4,0,0.113048217577667,-0.185947770703024,0.185947770703024,-0.34344888504019,0.34344888504019,0.02,"NO_DEMOSTRADA",FALSE,2.5,2.5,0,0,1,0.4,0.4,0.253333333333333,0.235555555555556,0,0,0.297382048603666,2,1,0.1,0.01,0
"AR07_50x200",5,"DIF","SP","todas",5,FALSE,719.870351569393,704.529344190236,0.08,0.12,0.04,0.0615916198698408,-0.0613091993327239,0.141309199332724,-0.147119917725223,0.227119917725223,0.02,"NO_DEMOSTRADA",FALSE,12.5,8.33333333333333,1,0,1,0.4,0.4,0.253333333333333,0.235555555555556,0,0,0.297382048603666,2,1,0.1,0.01,0
"AR07_50x200",5,"COR","SP","best",5,TRUE,42.3997491255061,42.4114546031352,0.56,0.56,0,0.0626615700554099,-0.103069110776115,0.103069110776115,-0.190370505891549,0.190370505891549,0.02,"NO_DEMOSTRADA",FALSE,1.78571428571429,1.78571428571429,0,0,1,0.32,0.48,0.231111111111111,0.213333333333333,0,0,0.308485698725644,2,0.5,0.12,0.1,0.1
"AR07_50x200",5,"COR","SP","todas",5,FALSE,719.870351569393,704.529344190236,0.32,0.44,0.12,0.0802105270099635,-0.0119345762720274,0.251934576272027,-0.123685541093399,0.363685541093399,0.02,"NO_INFERIOR",FALSE,3.125,2.27272727272727,1,0,1,0.32,0.48,0.231111111111111,0.213333333333333,0,0,0.308485698725644,2,0.5,0.12,0.1,0.1
"I_100x20",6,"IC","FA","best",5,FALSE,22.1112923247419,22.1112923247419,0.0586666666666667,0.0586666666666667,0,0,0,0,0,0,0.01,"EQUIV",FALSE,17.0454545454545,17.0454545454545,0,0,1,0,0,0.294,0.294,1,1,0,2,1,0,0,0
"I_100x20",6,"IC","FA","todas",5,FALSE,52.0807110718993,52.0807110718993,0.034,0.034,0,0,0,0,0,0,0.01,"EQUIV",FALSE,29.4117647058824,29.4117647058824,0,0,1,0,0,0.294,0.294,1,1,0,2,1,0,0,0
"I_100x20",6,"M010","SP","best",5,FALSE,22.1112923247419,22.1112923247419,0.22,0.22,0,0,0,0,0,0,0.02,"EQUIV",FALSE,4.54545454545455,4.54545454545455,0,0,1,0.18,0.18,0.3,0.3,1,1,0,2,1,0,0,0
"I_100x20",6,"M010","SP","todas",5,FALSE,52.0807110718993,52.0807110718993,0.02,0.02,0,0,0,0,0,0,0.02,"EQUIV",FALSE,50,50,0,0,1,0.18,0.18,0.3,0.3,1,1,0,2,1,0,0,0
"I_100x20",6,"M025","SP","best",5,FALSE,22.1112923247419,22.1112923247419,0.34,0.34,0,0,0,0,0,0,0.02,"EQUIV",FALSE,2.94117647058824,2.94117647058824,0,0,1,0.26,0.26,0.293333333333333,0.293333333333333,1,1,0,2,1,0,0,0
"I_100x20",6,"M025","SP","todas",5,FALSE,52.0807110718993,52.0807110718993,0.04,0.04,0,0,0,0,0,0,0.02,"EQUIV",FALSE,25,25,0,0,1,0.26,0.26,0.293333333333333,0.293333333333333,1,1,0,2,1,0,0,0
"I_100x20",6,"M050","SP","best",5,FALSE,22.1112923247419,22.1112923247419,0.46,0.46,0,0,0,0,0,0,0.02,"EQUIV",FALSE,2.17391304347826,2.17391304347826,0,0,1,0.38,0.38,0.284444444444444,0.284444444444444,1,1,0,2,1,0,0,0
"I_100x20",6,"M050","SP","todas",5,FALSE,52.0807110718993,52.0807110718993,0.12,0.12,0,0,0,0,0,0,0.02,"EQUIV",FALSE,8.33333333333333,8.33333333333333,0,0,1,0.38,0.38,0.284444444444444,0.284444444444444,1,1,0,2,1,0,0,0
"I_100x20",6,"M025_P20","SP","best",5,FALSE,22.1112923247419,22.1112923247419,0.29,0.29,0,0,0,0,0,0,0.02,"EQUIV",FALSE,3.44827586206897,3.44827586206897,0,0,1,0.25,0.25,0.285,0.285,1,1,0,2,1,0,0,0
"I_100x20",6,"M025_P20","SP","todas",5,FALSE,52.0807110718993,52.0807110718993,0.08,0.08,0,0,0,0,0,0,0.02,"EQUIV",FALSE,12.5,12.5,0,0,1,0.25,0.25,0.285,0.285,1,1,0,2,1,0,0,0
"I_100x20",6,"DIF","SP","best",5,FALSE,22.1112923247419,22.1112923247419,0.98,0.98,0,0,0,0,0,0,0.02,"EQUIV",FALSE,1.02040816326531,1.02040816326531,0,0,1,0.86,0.86,0.242222222222222,0.242222222222222,1,1,0,2,1,0,0,0
"I_100x20",6,"DIF","SP","todas",5,FALSE,52.0807110718993,52.0807110718993,0.44,0.44,0,0,0,0,0,0,0.02,"EQUIV",FALSE,2.27272727272727,2.27272727272727,0,0,1,0.86,0.86,0.242222222222222,0.242222222222222,1,1,0,2,1,0,0,0
"I_100x20",6,"COR","SP","best",5,FALSE,22.1112923247419,22.1112923247419,0.24,0.24,0,0,0,0,0,0,0.02,"EQUIV",FALSE,4.16666666666667,4.16666666666667,0,0,1,0.24,0.24,0.311111111111111,0.311111111111111,1,1,0,2,1,0,0,0
"I_100x20",6,"COR","SP","todas",5,FALSE,52.0807110718993,52.0807110718993,0.04,0.04,0,0,0,0,0,0,0.02,"EQUIV",FALSE,25,25,0,0,1,0.24,0.24,0.311111111111111,0.311111111111111,1,1,0,2,1,0,0,0
"AR05_100x200",7,"IC","FA","best",5,TRUE,74.7679322364371,74.6694794196891,0.0586666666666667,0.0346666666666667,-0.024,0.0198616499011307,-0.0566695068771152,0.00866950687711523,-0.0843411682180258,0.0363411682180258,0.01,"NO_DEMOSTRADA",FALSE,17.0454545454545,28.8461538461538,0,2,0.5,0,0,0.294,0.276,0,0,0.369841150707875,2,0,0.115,0.065,-0.02
"AR05_100x200",7,"IC","FA","todas",5,FALSE,920.856859790809,918.316904715254,0.05,0.072,0.022,0.0123151212359147,0.00174342816875866,0.0422565718312413,-0.0154142533888589,0.0594142533888588,0.01,"NO_DEMOSTRADA",FALSE,20,13.8888888888889,1,0,1,0,0,0.294,0.276,0,0,0.369841150707875,2,0,0.115,0.065,-0.02
"AR05_100x200",7,"M010","SP","best",5,TRUE,74.7679322364371,74.6694794196891,0.26,0.22,-0.04,0.05708179795952,-0.133891202406628,0.0538912024066275,-0.213418743659693,0.133418743659693,0.02,"NO_DEMOSTRADA",FALSE,3.84615384615385,4.54545454545455,0,0,1,0.24,0.22,0.282222222222222,0.304444444444444,0,0,0.394030848320845,2,0.5,0.115,0.02,0
"AR05_100x200",7,"M010","SP","todas",5,FALSE,920.856859790809,918.316904715254,0,0,0,0.0205431278169249,-0.0337904382985966,0.0337904382985966,-0.0624115487633733,0.0624115487633733,0.02,"NO_DEMOSTRADA",FALSE,Inf,Inf,0,0,1,0.24,0.22,0.282222222222222,0.304444444444444,0,0,0.394030848320845,2,0.5,0.115,0.02,0
"AR05_100x200",7,"M025","SP","best",5,TRUE,74.7679322364371,74.6694794196891,0.36,0.44,0.08,0.0462459016247432,0.0039322609809002,0.1560677390191,-0.0604984854341851,0.220498485434185,0.02,"NO_INFERIOR",FALSE,2.77777777777778,2.27272727272727,0,0,1,0.34,0.38,0.306666666666667,0.284444444444444,0,0,0.435176106562263,2,0.5,0.18,0.145,-0.1
"AR05_100x200",7,"M025","SP","todas",5,FALSE,920.856859790809,918.316904715254,0.06,0.06,0,0.00965276537563122,-0.0158773861382186,0.0158773861382186,-0.0293258184591673,0.0293258184591673,0.02,"EQUIV",FALSE,16.6666666666667,16.6666666666667,0,0,1,0.34,0.38,0.306666666666667,0.284444444444444,0,0,0.435176106562263,2,0.5,0.18,0.145,-0.1
"AR05_100x200",7,"M050","SP","best",5,TRUE,74.7679322364371,74.6694794196891,0.72,0.72,0,0.0434213897224298,-0.0714218303722121,0.0714218303722121,-0.131917408399814,0.131917408399814,0.02,"NO_DEMOSTRADA",FALSE,1.38888888888889,1.38888888888889,0,0,1,0.7,0.7,0.251111111111111,0.244444444444444,0,0,0.369085104565486,2,0.5,0.13,0.005,0
"AR05_100x200",7,"M050","SP","todas",5,FALSE,920.856859790809,918.316904715254,0.22,0.22,0,0.0344488551056556,-0.0566633242648633,0.0566633242648633,-0.104658181530549,0.104658181530549,0.02,"NO_DEMOSTRADA",FALSE,4.54545454545455,4.54545454545455,0,0,1,0.7,0.7,0.251111111111111,0.244444444444444,0,0,0.369085104565486,2,0.5,0.13,0.005,0
"AR05_100x200",7,"M025_P20","SP","best",5,TRUE,74.7679322364371,74.6694794196891,0.39,0.39,0,0.0363102211615961,-0.0597249989730614,0.0597249989730614,-0.11031314991716,0.11031314991716,0.02,"NO_DEMOSTRADA",FALSE,2.56410256410256,2.56410256410256,0,0,1,0.34,0.33,0.3025,0.31,0.2,0,0.317758824214914,2,0.5,0.07,0.025,0.025
"AR05_100x200",7,"M025_P20","SP","todas",5,FALSE,920.856859790809,918.316904715254,0.06,0.07,0.01,0.0131003087922484,-0.0115480904311141,0.0315480904311141,-0.0297997115283027,0.0497997115283027,0.02,"NO_INFERIOR",FALSE,16.6666666666667,14.2857142857143,0,0,1,0.34,0.33,0.3025,0.31,0.2,0,0.317758824214914,2,0.5,0.07,0.025,0.025
"AR05_100x200",7,"DIF","SP","best",5,TRUE,74.7679322364371,74.6694794196891,0.4,0.4,0,0.0532610900995555,-0.087606697225643,0.087606697225643,-0.161811149283713,0.161811149283713,0.02,"NO_DEMOSTRADA",FALSE,2.5,2.5,0,0,1,0.32,0.34,0.291111111111111,0.277777777777778,0.2,0,0.383633333361364,2,0.5,0.155,0.015,0
"AR05_100x200",7,"DIF","SP","todas",5,FALSE,920.856859790809,918.316904715254,0.04,0.08,0.04,0.02581340075022,-0.00245926584795117,0.0824592658479512,-0.0384230295419547,0.118423029541955,0.02,"NO_INFERIOR",FALSE,25,12.5,2,0,0.5,0.32,0.34,0.291111111111111,0.277777777777778,0.2,0,0.383633333361364,2,0.5,0.155,0.015,0
"AR05_100x200",7,"COR","SP","best",5,TRUE,74.7679322364371,74.6694794196891,0.42,0.42,0,0.0289999133597735,-0.047700612671102,0.047700612671102,-0.0881038916233563,0.0881038916233563,0.02,"NO_DEMOSTRADA",FALSE,2.38095238095238,2.38095238095238,0,0,1,0.3,0.36,0.302222222222222,0.277777777777778,0,0,0.43686022153323,2,0,0.15,0.095,0
"AR05_100x200",7,"COR","SP","todas",5,FALSE,920.856859790809,918.316904715254,0.22,0.32,0.1,0.0484779388254473,0.0202608864958314,0.179739113504169,-0.0472795803012793,0.247279580301279,0.02,"NO_INFERIOR",FALSE,4.54545454545455,3.125,0,0,1,0.3,0.36,0.302222222222222,0.277777777777778,0,0,0.43686022153323,2,0,0.15,0.095,0
