"config","cfg_id","set","set_id","rep","seed","m","rho_off","rho_c2","crit_off","crit_c2","best_igual","rho_igual","cov_igual","relF","solape","t_off","t_c2","met_off","met_c2","metmax_off","metmax_c2","mettodas_off","mettodas_c2","swamp_off","swamp_c2","disc_c2_off","disc_offp_off","met_offp","best_offp_igual","t_offp","c2p_det","t_c2p"
"I_50x200",1,"CAL",0,1,20363000,0,0.1908807,0.1908807,-220.9485,-221.4996,FALSE,TRUE,FALSE,0.5884366,0.8157895,1.391,1.344,0.2368421,0.2368421,0,0,0.02,0.02,0.42,0.42,0.24,0.18,0.1578947,FALSE,1.431,TRUE,1.331
"I_50x200",1,"CAL",0,2,20363000,0,0.1813851,0.180249,-228.0194,-228.9259,FALSE,FALSE,FALSE,0.2184577,0.9736842,1.396,1.352,0,0,0,0,0.04,0.04,0.24,0.24,0.04,0.04,0,FALSE,1.328,NA,NA
"I_50x200",1,"CAL",0,3,20363000,0,0.1762686,0.1747915,-231.1613,-232.7033,FALSE,FALSE,FALSE,0.4485492,0.8947368,1.31,1.305,0,0,0,0,0.06,0.06,0.24,0.24,0.16,NA,NA,NA,NA,NA,NA
"I_50x200",1,"CAL",0,4,20363000,0,0.1779728,0.1837073,-231.4223,-226.4226,FALSE,FALSE,FALSE,0.3090029,0.9473684,1.319,1.346,0,0,0,0,0.04,0.02,0.24,0.24,0.08,NA,NA,NA,NA,NA,NA
"I_50x200",1,"CAL",0,5,20363000,0,0.1738487,0.1738487,-231.7849,-232.1438,FALSE,TRUE,FALSE,0.508965,0.8684211,1.334,1.327,0,0,0,0,0.08,0.1,0.24,0.24,0.2,NA,NA,NA,NA,NA,NA
"I_50x200",1,"IC",1,1,20373000,0,0.1754721,0.1747573,-235.2581,-236.1337,FALSE,FALSE,FALSE,0.5074325,0.8684211,1.42,1.32,0,0,0,0,0.04,0.04,0.24,0.24,0.2,0.24,0,FALSE,1.35,TRUE,1.367
"I_50x200",1,"IC",1,2,20373000,0,0.1791161,0.1782156,-236.7937,-237.9435,FALSE,FALSE,FALSE,0.4631731,0.8947368,1.402,1.419,0,0,0,0,0.04,0.04,0.24,0.24,0.16,0.2,0,FALSE,1.32,NA,NA
"I_50x200",1,"IC",1,3,20373000,0,0.175615,0.1750307,-234.8617,-235.5021,FALSE,FALSE,FALSE,0.5431573,0.8421053,1.305,1.291,0,0,0,0,0.06,0.06,0.24,0.24,0.24,NA,NA,NA,NA,NA,NA
"I_50x200",1,"IC",1,4,20373000,0,0.1824909,0.1809347,-225.0974,-226.6747,FALSE,FALSE,FALSE,0.558823,0.8421053,1.295,1.274,0,0,0,0,0.06,0.04,0.24,0.24,0.24,NA,NA,NA,NA,NA,NA
"I_50x200",1,"IC",1,5,20373000,0,0.1844171,0.1808877,-228.6694,-231.8253,FALSE,FALSE,FALSE,0.4515862,0.8947368,1.316,1.282,0,0,0,0,0.06,0.04,0.24,0.24,0.16,NA,NA,NA,NA,NA,NA
"I_50x200",1,"M010",2,1,20383000,5,0.1750676,0.1781043,-234.211,-231.6819,FALSE,FALSE,FALSE,0.4763992,0.8947368,1.488,1.331,0.4,0.4,0.4,0.4,0.2,0.2,0.2222222,0.2222222,0.16,0.28,0.2,FALSE,1.445,TRUE,1.347
"I_50x200",1,"M010",2,2,20383000,5,0.1790083,0.1798131,-232.8037,-232.2067,FALSE,FALSE,FALSE,0.4911284,0.8684211,1.4,1.329,0.4,0.6,0.4,0.6,0.2,0.2,0.2222222,0.2,0.2,0.24,0.4,FALSE,1.352,NA,NA
"I_50x200",1,"M010",2,3,20383000,5,0.1773956,0.1818656,-237.2642,-233.3113,FALSE,FALSE,FALSE,0.2077884,0.9736842,1.331,1.303,0,0,0,0,0,0,0.2666667,0.2666667,0.04,NA,NA,NA,NA,NA,NA
"I_50x200",1,"M010",2,4,20383000,5,0.1801534,0.1753607,-229.7066,-234.007,FALSE,FALSE,FALSE,0.4386176,0.8947368,1.311,1.297,0.4,0,0.4,0,0,0,0.2222222,0.2666667,0.16,NA,NA,NA,NA,NA,NA
"I_50x200",1,"M010",2,5,20383000,5,0.1829809,0.1845123,-222.5829,-221.454,FALSE,FALSE,FALSE,0.4362749,0.8947368,1.285,1.293,0.2,0.4,0.2,0.4,0,0,0.2444444,0.2222222,0.16,NA,NA,NA,NA,NA,NA
"I_50x200",1,"M025",3,1,20393000,5,0.175625,0.1774353,-234.3331,-232.6885,FALSE,FALSE,FALSE,0.5443083,0.8421053,1.346,1.392,0.6,0,0.6,0,0,0,0.2,0.2666667,0.24,0.24,0.2,FALSE,1.398,TRUE,1.36
"I_50x200",1,"M025",3,2,20393000,5,0.1748295,0.1782354,-230.9581,-228.1896,FALSE,FALSE,FALSE,0.5291007,0.8421053,1.309,1.298,0.4,0.4,0.4,0.4,0,0,0.2222222,0.2222222,0.24,0.04,0.4,FALSE,1.252,NA,NA
"I_50x200",1,"M025",3,3,20393000,5,0.1721855,0.1734279,-233.558,-232.6232,FALSE,FALSE,FALSE,0.4522533,0.8947368,1.306,1.282,0.2,0.2,0.2,0.2,0,0,0.2444444,0.2444444,0.16,NA,NA,NA,NA,NA,NA
"I_50x200",1,"M025",3,4,20393000,5,0.1784793,0.1778431,-228.3655,-229.3575,FALSE,FALSE,FALSE,0.4939709,0.8684211,1.303,1.301,0.4,0.4,0.4,0.4,0.2,0,0.2222222,0.2222222,0.2,NA,NA,NA,NA,NA,NA
"I_50x200",1,"M025",3,5,20393000,5,0.1819542,0.1796162,-224.5541,-226.2797,FALSE,FALSE,FALSE,0.6695168,0.7631579,1.313,1.308,0.6,0.2,0.6,0.2,0.2,0,0.2,0.2444444,0.36,NA,NA,NA,NA,NA,NA
"I_50x200",1,"M050",4,1,20403000,5,0.177424,0.177424,-228.4305,-228.8719,FALSE,TRUE,FALSE,0.4009888,0.9210526,1.328,1.309,1,1,1,1,1,0.6,0.1555556,0.1555556,0.12,0.2,0.8,FALSE,1.31,TRUE,1.294
"I_50x200",1,"M050",4,2,20403000,5,0.1811066,0.1791234,-225.0557,-227.0996,FALSE,FALSE,FALSE,0.5021597,0.8684211,1.448,1.343,0.6,1,0.6,1,0.2,0.4,0.2,0.1555556,0.2,0.36,0.6,FALSE,1.228,NA,NA
"I_50x200",1,"M050",4,3,20403000,5,0.1770616,0.1780961,-222.4182,-222.0129,FALSE,FALSE,FALSE,0.5514828,0.8421053,1.349,1.308,0.6,0.8,0.6,0.8,0.2,0.4,0.2,0.1777778,0.24,NA,NA,NA,NA,NA,NA
"I_50x200",1,"M050",4,4,20403000,5,0.1822611,0.1780246,-226.4029,-230.5116,FALSE,FALSE,FALSE,0.4617589,0.8947368,1.304,1.349,0.4,0.8,0.4,0.8,0.4,0.6,0.2222222,0.1777778,0.16,NA,NA,NA,NA,NA,NA
"I_50x200",1,"M050",4,5,20403000,5,0.186061,0.1879306,-219.9975,-218.6057,FALSE,FALSE,FALSE,0.4952617,0.8684211,1.307,1.306,1,0.8,0.8,0.8,0.2,0,0.1777778,0.2666667,0.18,NA,NA,NA,NA,NA,NA
"I_50x200",1,"M025_P20",5,1,20413000,10,0.1813191,0.1808713,-228.0816,-228.6441,FALSE,FALSE,FALSE,0.4440149,0.8947368,1.376,1.218,0.4,0.6,0.4,0.6,0.2,0.1,0.2,0.15,0.16,0,0.4,TRUE,1.331,TRUE,1.318
"I_50x200",1,"M025_P20",5,2,20413000,10,0.1748215,0.1748215,-227.9748,-227.9566,FALSE,TRUE,FALSE,0.2224318,0.9736842,1.376,1.344,0.3,0.3,0.3,0.3,0.2,0.1,0.225,0.225,0.04,0,0.3,TRUE,1.381,NA,NA
"I_50x200",1,"M025_P20",5,3,20413000,10,0.1776161,0.1780654,-230.6285,-230.5515,FALSE,FALSE,FALSE,0.4526924,0.8947368,1.329,1.356,0.1,0.1,0.1,0.1,0,0,0.275,0.275,0.16,NA,NA,NA,NA,NA,NA
"I_50x200",1,"M025_P20",5,4,20413000,10,0.1813614,0.1822276,-228.6987,-227.8962,FALSE,FALSE,FALSE,0.4924209,0.8684211,1.296,1.376,0.4,0.4,0.4,0.3,0,0,0.2,0.225,0.22,NA,NA,NA,NA,NA,NA
"I_50x200",1,"M025_P20",5,5,20413000,10,0.1728384,0.1728384,-236.1782,-236.2652,FALSE,TRUE,FALSE,0.5457869,0.8421053,1.317,1.279,0.3,0.4,0.3,0.4,0.1,0,0.225,0.2,0.24,NA,NA,NA,NA,NA,NA
"I_50x200",1,"DIF",6,1,20423000,5,0.1721034,0.1712977,-235.7051,-236.5185,FALSE,FALSE,FALSE,0.4448758,0.8947368,1.337,1.375,0.8,0.8,0.8,0.8,0.6,0.4,0.1777778,0.1777778,0.16,0.16,0.6,FALSE,1.312,TRUE,1.351
"I_50x200",1,"DIF",6,2,20423000,5,0.1773042,0.1808339,-228.2723,-225.51,FALSE,FALSE,FALSE,0.3922047,0.9210526,1.375,1.303,0.6,0.8,0.6,0.8,0,0,0.2,0.1777778,0.12,0,0.6,TRUE,1.324,NA,NA
"I_50x200",1,"DIF",6,3,20423000,5,0.1763667,0.1756542,-225.6562,-226.3342,FALSE,FALSE,FALSE,0.444296,0.8947368,1.332,1.296,0.4,0.4,0.4,0.4,0.2,0.2,0.2222222,0.2222222,0.16,NA,NA,NA,NA,NA,NA
"I_50x200",1,"DIF",6,4,20423000,5,0.1740575,0.1716338,-233.145,-235.3329,FALSE,FALSE,FALSE,0.3994249,0.9210526,1.306,1.367,0.6,0.2,0.6,0.2,0.4,0,0.2,0.2444444,0.12,NA,NA,NA,NA,NA,NA
"I_50x200",1,"DIF",6,5,20423000,5,0.178983,0.1782761,-229.4795,-230.4016,FALSE,FALSE,FALSE,0.5011265,0.8684211,1.341,1.308,0.2,0.2,0.2,0.2,0,0,0.2444444,0.2444444,0.2,NA,NA,NA,NA,NA,NA
"I_50x200",1,"COR",7,1,20433000,5,0.1765077,0.1732958,-233.0618,-236.0075,FALSE,FALSE,FALSE,0.4652687,0.8947368,1.362,1.297,0.2,0.4,0.2,0.4,0,0,0.2444444,0.2222222,0.16,0,0.2,TRUE,1.325,TRUE,1.421
"I_50x200",1,"COR",7,2,20433000,5,0.1846379,0.1961601,-226.8344,-217.5148,FALSE,FALSE,FALSE,0.4426027,0.8947368,1.384,1.308,0.6,0.6,0.6,0.6,0.2,0,0.2,0.8222222,0.56,0.22,0.4,FALSE,1.34,NA,NA
"I_50x200",1,"COR",7,3,20433000,5,0.1934824,0.1867768,-219.8745,-225.8103,FALSE,FALSE,FALSE,0.549412,0.8421053,1.331,1.331,0.4,0.4,0.4,0.4,0,0,0.5777778,0.2666667,0.32,NA,NA,NA,NA,NA,NA
"I_50x200",1,"COR",7,4,20433000,5,0.1749696,0.1768644,-230.7967,-228.9727,FALSE,FALSE,FALSE,0.3676423,0.9210526,1.45,1.38,0.4,0.6,0.4,0.6,0,0,0.2222222,0.2,0.12,NA,NA,NA,NA,NA,NA
"I_50x200",1,"COR",7,5,20433000,5,0.1759414,0.1775387,-232.1018,-230.8359,FALSE,FALSE,FALSE,0.3284478,0.9473684,1.293,1.317,0.6,0.8,0.6,0.8,0.2,0.6,0.2,0.1777778,0.08,NA,NA,NA,NA,NA,NA
"I_100x200",2,"CAL",0,1,20463000,0,0.1197709,0.1200913,-211.1233,-210.8867,FALSE,FALSE,FALSE,0.5519222,0.8133333,2.734,2.598,0.06666667,0.08,0,0,0.03,0.04,0.3,0.31,0.23,0.22,0.06666667,FALSE,2.447,TRUE,2.533
"I_100x200",2,"CAL",0,2,20463000,0,0.1195368,0.121525,-213.801,-212.3175,FALSE,FALSE,FALSE,0.3319618,0.9333333,2.513,2.536,0,0.04,0,0,0.05,0.02,0.25,0.28,0.11,0,0,TRUE,2.469,NA,NA
"I_100x200",2,"CAL",0,3,20463000,0,0.1223493,0.1214,-216.1874,-217.6471,FALSE,FALSE,FALSE,0.4681164,0.8666667,2.477,2.486,0.08,0.06666667,0,0,0.06,0.03,0.31,0.3,0.15,NA,NA,NA,NA,NA,NA
"I_100x200",2,"CAL",0,4,20463000,0,0.1170688,0.1172579,-215.2395,-215.3292,FALSE,FALSE,FALSE,0.4280246,0.8933333,2.47,2.498,0.04,0.04,0,0,0.07,0.07,0.28,0.28,0.14,NA,NA,NA,NA,NA,NA
"I_100x200",2,"CAL",0,5,20463000,0,0.1191097,0.1199687,-218.5452,-218.5085,FALSE,FALSE,FALSE,0.4800828,0.8666667,2.479,2.561,0.06666667,0.02666667,0,0,0.04,0.09,0.3,0.27,0.19,NA,NA,NA,NA,NA,NA
"I_100x200",2,"IC",1,1,20473000,0,0.1210604,0.1221031,-212.9455,-212.4752,FALSE,FALSE,FALSE,0.5449141,0.8133333,2.632,2.598,0.05333333,0.05333333,0.01333333,0,0.05,0.06,0.29,0.29,0.26,0.28,0.02666667,FALSE,2.585,TRUE,2.443
"I_100x200",2,"IC",1,2,20473000,0,0.1179438,0.1184554,-217.4423,-217.3753,FALSE,FALSE,FALSE,0.3720999,0.92,2.509,2.471,0.02666667,0.02666667,0,0,0.13,0.11,0.27,0.27,0.1,0.01,0.01333333,TRUE,2.49,NA,NA
"I_100x200",2,"IC",1,3,20473000,0,0.1258703,0.1229939,-206.9361,-210.4541,FALSE,FALSE,FALSE,0.5487793,0.8133333,2.49,2.449,0.1466667,0.1066667,0,0,0.04,0.02,0.36,0.33,0.19,NA,NA,NA,NA,NA,NA
"I_100x200",2,"IC",1,4,20473000,0,0.1187619,0.1206122,-213.9415,-213.0952,FALSE,FALSE,FALSE,0.4575343,0.8666667,2.486,2.637,0.01333333,0.04,0,0,0.07,0.05,0.26,0.28,0.22,NA,NA,NA,NA,NA,NA
"I_100x200",2,"IC",1,5,20473000,0,0.1170082,0.1175211,-216.2789,-216.2565,FALSE,FALSE,FALSE,0.5095869,0.84,2.391,2.557,0.02666667,0.04,0,0,0.07,0.07,0.27,0.28,0.21,NA,NA,NA,NA,NA,NA
"I_100x200",2,"M010",2,1,20483000,10,0.1212363,0.1216444,-211.8653,-212.0826,FALSE,FALSE,FALSE,0.4587188,0.8666667,2.717,2.598,0.3,0.3,0.2,0.1,0,0.1,0.2777778,0.3,0.22,0.04,0.2,FALSE,2.572,TRUE,2.478
"I_100x200",2,"M010",2,2,20483000,10,0.1206669,0.1187888,-214.092,-216.6376,FALSE,FALSE,FALSE,0.4870083,0.8533333,2.483,2.5,0.1,0.1,0.1,0.1,0,0,0.3,0.3111111,0.17,0.02,0.1,FALSE,2.526,NA,NA
"I_100x200",2,"M010",2,3,20483000,10,0.1161977,0.1154591,-217.9144,-218.8628,FALSE,FALSE,FALSE,0.3278554,0.9333333,2.48,2.575,0.3,0.4,0.3,0.4,0.2,0.2,0.2444444,0.2333333,0.1,NA,NA,NA,NA,NA,NA
"I_100x200",2,"M010",2,4,20483000,10,0.1225981,0.1222949,-212.2446,-213.3797,FALSE,FALSE,FALSE,0.4853965,0.8533333,2.428,2.475,0.5,0.3,0.4,0.3,0.1,0.2,0.2555556,0.3111111,0.21,NA,NA,NA,NA,NA,NA
"I_100x200",2,"M010",2,5,20483000,10,0.1172411,0.1193535,-213.9492,-212.2359,FALSE,FALSE,FALSE,0.3842229,0.9066667,2.54,2.502,0.2,0.3,0.2,0.3,0.1,0,0.2666667,0.2555556,0.16,NA,NA,NA,NA,NA,NA
"I_100x200",2,"M025",3,1,20493000,10,0.1233006,0.1222218,-209.2054,-210.6502,FALSE,FALSE,FALSE,0.434379,0.88,2.699,2.46,0.6,0.3,0.6,0.3,0,0,0.2222222,0.2777778,0.22,0,0.6,TRUE,2.488,TRUE,2.578
"I_100x200",2,"M025",3,2,20493000,10,0.124321,0.1206579,-212.3159,-216.5817,FALSE,FALSE,FALSE,0.365399,0.92,2.229,2.528,0.6,0.6,0.5,0.5,0.3,0.3,0.3,0.2555556,0.12,0.21,0.6,FALSE,2.42,NA,NA
"I_100x200",2,"M025",3,3,20493000,10,0.1196853,0.1194599,-211.8533,-212.2426,FALSE,FALSE,FALSE,0.4543259,0.8666667,2.478,2.527,0.1,0.2,0.1,0.2,0,0,0.2888889,0.3222222,0.2,NA,NA,NA,NA,NA,NA
"I_100x200",2,"M025",3,4,20493000,10,0.1217804,0.1203861,-212.3769,-213.5551,FALSE,FALSE,FALSE,0.4281018,0.8933333,2.45,2.478,0.7,0.7,0.6,0.5,0.1,0.1,0.2111111,0.2333333,0.16,NA,NA,NA,NA,NA,NA
"I_100x200",2,"M025",3,5,20493000,10,0.1164345,0.1179899,-214.656,-214.173,FALSE,FALSE,FALSE,0.5213761,0.84,2.452,2.466,0.6,0.5,0.6,0.5,0.2,0.1,0.2222222,0.2222222,0.23,NA,NA,NA,NA,NA,NA
"I_100x200",2,"M050",4,1,20503000,10,0.1151665,0.1153692,-211.8076,-212.0057,FALSE,FALSE,FALSE,0.4125121,0.8933333,2.603,2.58,1,1,1,1,0.9,0.9,0.1666667,0.1666667,0.16,0,1,TRUE,2.42,TRUE,2.487
"I_100x200",2,"M050",4,2,20503000,10,0.1262759,0.1228035,-201.9763,-205.4767,FALSE,FALSE,FALSE,0.3977036,0.9066667,3.138,3.395,0.9,1,0.7,1,0.1,0.3,0.2555556,0.2333333,0.11,0.16,0.9,FALSE,2.466,NA,NA
"I_100x200",2,"M050",4,3,20503000,10,0.124325,0.1229879,-208.907,-210.6258,FALSE,FALSE,FALSE,0.5138504,0.84,2.97,3.663,0.8,0.9,0.7,0.8,0.2,0.2,0.2333333,0.2444444,0.2,NA,NA,NA,NA,NA,NA
"I_100x200",2,"M050",4,4,20503000,10,0.1251714,0.1234202,-202.8307,-205.2445,FALSE,FALSE,FALSE,0.3851793,0.9066667,3.245,2.717,0.6,0.8,0.6,0.8,0.2,0.3,0.2222222,0.1888889,0.13,NA,NA,NA,NA,NA,NA
"I_100x200",2,"M050",4,5,20503000,10,0.1170168,0.1142339,-212.9463,-216.1079,FALSE,FALSE,FALSE,0.3955801,0.9066667,3.097,2.658,0.8,0.7,0.8,0.7,0.6,0.3,0.2,0.2111111,0.12,NA,NA,NA,NA,NA,NA
"I_100x200",2,"M025_P20",5,1,20513000,20,0.1239494,0.1269365,-205.3277,-203.3023,FALSE,FALSE,FALSE,0.4351347,0.88,2.717,2.5,0.35,0.3,0.3,0.3,0,0,0.3375,0.35,0.14,0.07,0.45,FALSE,2.441,TRUE,2.512
"I_100x200",2,"M025_P20",5,2,20513000,20,0.1217705,0.1265669,-212.5545,-208.3386,FALSE,FALSE,FALSE,0.412393,0.8933333,3.191,3.365,0.25,0.3,0.25,0.25,0.15,0.05,0.275,0.35,0.15,0,0.25,TRUE,2.504,NA,NA
"I_100x200",2,"M025_P20",5,3,20513000,20,0.1212406,0.1231631,-214.8265,-213.3815,FALSE,FALSE,FALSE,0.4631574,0.8666667,3.124,3.775,0.2,0.2,0.15,0.2,0.05,0.05,0.3125,0.325,0.19,NA,NA,NA,NA,NA,NA
"I_100x200",2,"M025_P20",5,4,20513000,20,0.1221544,0.1235947,-211.876,-210.8946,FALSE,FALSE,FALSE,0.4583691,0.8666667,3.196,3.041,0.35,0.45,0.3,0.45,0.05,0,0.2625,0.3,0.21,NA,NA,NA,NA,NA,NA
"I_100x200",2,"M025_P20",5,5,20513000,20,0.1270536,0.1283148,-205.6505,-205.675,FALSE,FALSE,FALSE,0.5276081,0.8266667,2.84,2.827,0.4,0.3,0.35,0.3,0,0,0.325,0.3375,0.19,NA,NA,NA,NA,NA,NA
"I_100x200",2,"DIF",6,1,20523000,10,0.1229852,0.1229852,-208.8394,-209.7161,FALSE,TRUE,FALSE,0.4364458,0.88,2.573,2.555,0.6,0.8,0.5,0.8,0.1,0.2,0.2777778,0.2555556,0.1,0.1,0.6,FALSE,2.501,TRUE,2.479
"I_100x200",2,"DIF",6,2,20523000,10,0.1218198,0.1235482,-214.954,-214.077,FALSE,FALSE,FALSE,0.465676,0.8666667,3.122,3.18,0.4,0.3,0.4,0.3,0.1,0.1,0.2555556,0.3222222,0.19,0.22,0.3,FALSE,2.59,NA,NA
"I_100x200",2,"DIF",6,3,20523000,10,0.1219713,0.1229495,-210.7049,-210.6053,FALSE,FALSE,FALSE,0.4118881,0.8933333,3.074,3.75,0.5,0.4,0.4,0.4,0,0,0.2444444,0.2666667,0.13,NA,NA,NA,NA,NA,NA
"I_100x200",2,"DIF",6,4,20523000,10,0.1198968,0.1198968,-214.2758,-215.0543,FALSE,TRUE,FALSE,0.4321024,0.88,3.081,2.737,0.2,0.3,0.2,0.3,0,0.1,0.2777778,0.2555556,0.17,NA,NA,NA,NA,NA,NA
"I_100x200",2,"DIF",6,5,20523000,10,0.1194454,0.1187901,-212.4815,-213.4875,FALSE,FALSE,FALSE,0.4004469,0.9066667,3.113,2.793,0.6,0.8,0.6,0.8,0.3,0.3,0.2111111,0.1888889,0.14,NA,NA,NA,NA,NA,NA
"I_100x200",2,"COR",7,1,20533000,10,0.1310908,0.1291788,-207.0973,-209.5918,FALSE,FALSE,FALSE,0.4590742,0.8666667,2.513,2.496,0.3,0.4,0.2,0.4,0,0,0.4111111,0.3555556,0.14,0.19,0.1,FALSE,2.419,TRUE,2.332
"I_100x200",2,"COR",7,2,20533000,10,0.1242258,0.12375,-212.7208,-213.85,FALSE,FALSE,FALSE,0.5209869,0.84,3.075,3.249,0.3,0.5,0.3,0.5,0.1,0.1,0.3444444,0.3111111,0.15,0.2,0.4,FALSE,2.412,NA,NA
"I_100x200",2,"COR",7,3,20533000,10,0.1217989,0.1222349,-211.547,-211.8832,FALSE,FALSE,FALSE,0.397857,0.9066667,3.179,3.47,0.3,0.3,0.3,0.3,0,0,0.2777778,0.3,0.14,NA,NA,NA,NA,NA,NA
"I_100x200",2,"COR",7,4,20533000,10,0.1275784,0.1210602,-206.7369,-213.3407,FALSE,FALSE,FALSE,0.4816941,0.8533333,3.212,2.728,0.1,0.2,0.1,0.2,0,0,0.3444444,0.3,0.23,NA,NA,NA,NA,NA,NA
"I_100x200",2,"COR",7,5,20533000,10,0.1208988,0.1222752,-218.04,-216.7255,FALSE,FALSE,FALSE,0.4329234,0.8933333,3.182,2.667,0.3,0.3,0.3,0.3,0.3,0.3,0.2666667,0.3333333,0.2,NA,NA,NA,NA,NA,NA
"I_50x250",3,"CAL",0,1,20563000,0,0.2061519,0.2057893,-274.1586,-275.0136,FALSE,FALSE,FALSE,0.5552323,0.8421053,2.671,2.333,0.1315789,0,0,0,0,0,0.34,0.24,0.14,0.12,0.07894737,FALSE,2.149,TRUE,2.964
"I_50x250",3,"CAL",0,2,20563000,0,0.2051117,0.2080307,-281.3145,-278.2795,FALSE,FALSE,FALSE,0.5870816,0.8157895,2.035,2.156,0.07894737,0.2368421,0,0,0,0,0.3,0.42,0.24,0.22,0.05263158,FALSE,2.355,NA,NA
"I_50x250",3,"CAL",0,3,20563000,0,0.2015577,0.2009727,-283.4886,-284.0218,FALSE,FALSE,FALSE,0.326032,0.9473684,2.218,2.069,0,0,0,0,0.08,0.04,0.24,0.24,0.08,NA,NA,NA,NA,NA,NA
"I_50x250",3,"CAL",0,4,20563000,0,0.2017185,0.2011132,-282.8132,-283.4239,FALSE,FALSE,FALSE,0.3946254,0.9210526,2.248,2.072,0.02631579,0,0,0,0.06,0.08,0.26,0.24,0.1,NA,NA,NA,NA,NA,NA
"I_50x250",3,"CAL",0,5,20563000,0,0.193698,0.1942486,-290.7996,-290.089,FALSE,FALSE,FALSE,0.5090101,0.8684211,2.158,2.039,0,0,0,0,0.1,0.12,0.24,0.24,0.2,NA,NA,NA,NA,NA,NA
"I_50x250",3,"IC",1,1,20573000,0,0.2013453,0.2017616,-286.43,-285.9963,FALSE,FALSE,FALSE,0.4891172,0.8684211,2.477,2.365,0,0,0,0,0.06,0.06,0.24,0.24,0.2,0.12,0,FALSE,2.229,TRUE,2.849
"I_50x250",3,"IC",1,2,20573000,0,0.203146,0.1983644,-284.0277,-288.8764,FALSE,FALSE,FALSE,0.6070992,0.8157895,2.078,2.013,0.05263158,0,0,0,0.08,0.12,0.28,0.24,0.24,0.18,0.02631579,FALSE,2.229,NA,NA
"I_50x250",3,"IC",1,3,20573000,0,0.2016316,0.2019914,-283.2016,-283.0492,FALSE,FALSE,FALSE,0.5557755,0.8421053,2.228,2.216,0.02631579,0,0,0,0.06,0.04,0.26,0.24,0.22,NA,NA,NA,NA,NA,NA
"I_50x250",3,"IC",1,4,20573000,0,0.1991554,0.2022631,-279.5807,-276.7237,FALSE,FALSE,FALSE,0.4596637,0.8947368,2.347,2.294,0,0,0,0,0.1,0.08,0.24,0.24,0.16,NA,NA,NA,NA,NA,NA
"I_50x250",3,"IC",1,5,20573000,0,0.1985907,0.2020089,-289.1933,-285.6809,FALSE,FALSE,FALSE,0.3882581,0.9210526,2.101,1.985,0,0,0,0,0.08,0.04,0.24,0.24,0.12,NA,NA,NA,NA,NA,NA
"I_50x250",3,"M010",2,1,20583000,5,0.2036549,0.2044876,-276.9549,-276.1378,FALSE,FALSE,FALSE,0.4552135,0.8947368,2.615,2.345,0.4,0.4,0.4,0.4,0,0,0.2222222,0.2222222,0.16,0.24,0.4,FALSE,2.189,TRUE,2.711
"I_50x250",3,"M010",2,2,20583000,5,0.2050249,0.1992687,-285.4682,-291.5988,FALSE,FALSE,FALSE,0.5477454,0.8421053,2.123,2.137,0.6,0.2,0.4,0.2,0.2,0.2,0.2888889,0.2444444,0.28,0.18,0.2,FALSE,2.178,NA,NA
"I_50x250",3,"M010",2,3,20583000,5,0.2036574,0.2098432,-282.8108,-277.0013,FALSE,FALSE,FALSE,0.577181,0.8157895,2.248,2.216,0.2,0.4,0.2,0.4,0.2,0,0.2888889,0.4444444,0.32,NA,NA,NA,NA,NA,NA
"I_50x250",3,"M010",2,4,20583000,5,0.200068,0.2033688,-286.7303,-282.9821,FALSE,FALSE,FALSE,0.5560426,0.8421053,2.236,2.222,0.2,0,0.2,0,0,0,0.2444444,0.2888889,0.26,NA,NA,NA,NA,NA,NA
"I_50x250",3,"M010",2,5,20583000,5,0.2016441,0.2016441,-283.2053,-283.5232,FALSE,TRUE,FALSE,0.4942627,0.8684211,2.106,2.043,0.4,0.2,0.4,0.2,0.2,0.2,0.2222222,0.2444444,0.2,NA,NA,NA,NA,NA,NA
"I_50x250",3,"M025",3,1,20593000,5,0.1974083,0.1996833,-284.4807,-282.5267,FALSE,FALSE,FALSE,0.4933666,0.8684211,2.611,2.375,0.6,0.4,0.6,0.4,0.4,0,0.2,0.2222222,0.2,0.32,0.2,FALSE,2.433,TRUE,2.507
"I_50x250",3,"M025",3,2,20593000,5,0.1990413,0.1997276,-279.976,-279.5922,FALSE,FALSE,FALSE,0.4548943,0.8947368,2.136,2.162,0.2,0,0.2,0,0,0,0.2444444,0.2666667,0.16,0.24,0,FALSE,2.132,NA,NA
"I_50x250",3,"M025",3,3,20593000,5,0.1999926,0.1989883,-282.2939,-283.713,FALSE,FALSE,FALSE,0.584909,0.8157895,2.21,2.11,0.2,0.2,0.2,0.2,0,0,0.2444444,0.2444444,0.28,NA,NA,NA,NA,NA,NA
"I_50x250",3,"M025",3,4,20593000,5,0.2046691,0.2044073,-273.5832,-273.8462,TRUE,FALSE,FALSE,0.0002956273,1,2.207,2.2,0.4,0.4,0.4,0.4,0,0,0.2888889,0.2222222,0.06,NA,NA,NA,NA,NA,NA
"I_50x250",3,"M025",3,5,20593000,5,0.2017519,0.2037574,-281.609,-279.7752,FALSE,FALSE,FALSE,0.38343,0.9210526,2.049,2.029,0.2,0,0.2,0,0,0,0.2444444,0.2666667,0.12,NA,NA,NA,NA,NA,NA
"I_50x250",3,"M050",4,1,20603000,5,0.202611,0.2012114,-281.6892,-283.2918,FALSE,FALSE,FALSE,0.4395211,0.8947368,2.552,2.333,1,1,0.8,1,0.6,0.8,0.2,0.1555556,0.16,0.56,1,FALSE,2.453,TRUE,2.543
"I_50x250",3,"M050",4,2,20603000,5,0.2045665,0.2015573,-276.4378,-279.6987,FALSE,FALSE,FALSE,0.4546644,0.8947368,2.232,2.218,0.6,1,0.6,1,0.6,0.8,0.2444444,0.1555556,0.16,0.2,1,FALSE,2.222,NA,NA
"I_50x250",3,"M050",4,3,20603000,5,0.1984764,0.1997914,-277.6922,-276.3596,FALSE,FALSE,FALSE,0.4481496,0.8947368,2.041,2.151,0.8,0.8,0.8,0.8,0.6,0.4,0.1777778,0.1777778,0.16,NA,NA,NA,NA,NA,NA
"I_50x250",3,"M050",4,4,20603000,5,0.2055065,0.2039734,-272.1229,-273.6626,FALSE,FALSE,FALSE,0.4990446,0.8684211,2.136,2.209,1,1,1,1,1,0.8,0.2666667,0.1555556,0.22,NA,NA,NA,NA,NA,NA
"I_50x250",3,"M050",4,5,20603000,5,0.2037955,0.2078168,-268.0451,-264.1694,FALSE,FALSE,FALSE,0.3895464,0.9210526,2.131,2.082,0.8,0.6,0.8,0.6,0.4,0.2,0.1777778,0.2666667,0.14,NA,NA,NA,NA,NA,NA
"I_50x250",3,"M025_P20",5,1,20613000,10,0.2007109,0.2028443,-285.5181,-283.1387,FALSE,FALSE,FALSE,0.227984,0.9736842,2.57,2.349,0.2,0.2,0.2,0.2,0.1,0.1,0.25,0.25,0.04,0,0.2,TRUE,2.804,TRUE,2.534
"I_50x250",3,"M025_P20",5,2,20613000,10,0.2009106,0.2029223,-288.2226,-286.3575,FALSE,FALSE,FALSE,0.5072832,0.8684211,2.107,2.173,0.2,0.3,0.2,0.3,0,0,0.25,0.225,0.2,0.2,0.3,FALSE,2.326,NA,NA
"I_50x250",3,"M025_P20",5,3,20613000,10,0.2077301,0.2058358,-272.0963,-274.3543,FALSE,FALSE,FALSE,0.5012709,0.8684211,2.102,2.134,0.7,0.3,0.4,0.3,0,0,0.4,0.225,0.22,NA,NA,NA,NA,NA,NA
"I_50x250",3,"M025_P20",5,4,20613000,10,0.2125117,0.2135389,-277.7747,-276.8105,FALSE,FALSE,FALSE,0.2916429,0.9473684,2.232,2.133,0.9,0.8,0.6,0.6,0,0,0.9,0.8,0.1,NA,NA,NA,NA,NA,NA
"I_50x250",3,"M025_P20",5,5,20613000,10,0.205225,0.2074366,-278.4246,-276.1805,FALSE,FALSE,FALSE,0.4398726,0.8947368,2.115,1.97,0.5,0.4,0.5,0.4,0,0,0.2,0.2,0.14,NA,NA,NA,NA,NA,NA
"I_50x250",3,"DIF",6,1,20623000,5,0.2029381,0.2049788,-281.8339,-280.0297,FALSE,FALSE,FALSE,0.5579006,0.8421053,2.31,2.399,0.2,0.2,0.2,0.2,0,0,0.2666667,0.2444444,0.22,0.3,0.4,FALSE,2.594,TRUE,2.431
"I_50x250",3,"DIF",6,2,20623000,5,0.2052861,0.2025158,-280.9049,-283.5233,FALSE,FALSE,FALSE,0.4891487,0.8684211,2.183,2.098,0.6,0.6,0.6,0.6,0,0,0.2444444,0.2,0.2,0,0.6,TRUE,2.222,NA,NA
"I_50x250",3,"DIF",6,3,20623000,5,0.1982054,0.1993551,-279.3942,-278.2829,FALSE,FALSE,FALSE,0.4527396,0.8947368,2.101,2.235,0.2,0.4,0.2,0.4,0,0,0.2444444,0.2222222,0.16,NA,NA,NA,NA,NA,NA
"I_50x250",3,"DIF",6,4,20623000,5,0.2039851,0.2060506,-280.7525,-278.6129,FALSE,FALSE,FALSE,0.5883904,0.8157895,2.079,2.144,0.2,0.4,0.2,0.4,0,0,0.2666667,0.2444444,0.28,NA,NA,NA,NA,NA,NA
"I_50x250",3,"DIF",6,5,20623000,5,0.2097207,0.2080235,-278.1598,-279.8386,FALSE,FALSE,FALSE,0.5000671,0.8684211,2.104,2.071,1,0.8,0.8,0.8,0,0,0.6444444,0.3555556,0.28,NA,NA,NA,NA,NA,NA
"I_50x250",3,"COR",7,1,20633000,5,0.2148124,0.2055623,-269.5011,-278.5482,FALSE,FALSE,FALSE,0.3951143,0.9210526,2.408,2.316,1,0.6,0.8,0.6,0,0.2,0.9777778,0.2,0.74,0.06,0.6,FALSE,2.78,TRUE,2.28
"I_50x250",3,"COR",7,2,20633000,5,0.2114545,0.2126863,-274.285,-272.6918,FALSE,FALSE,FALSE,0.6883427,0.7631579,2.023,2.087,0.6,0.6,0.4,0.4,0,0,0.6222222,0.5111111,0.18,0.1,0.6,FALSE,2.201,NA,NA
"I_50x250",3,"COR",7,3,20633000,5,0.2016381,0.2017476,-294.4823,-294.2978,FALSE,FALSE,FALSE,0.3956709,0.9210526,2.121,2.285,0,0,0,0,0,0,0.2666667,0.2666667,0.12,NA,NA,NA,NA,NA,NA
"I_50x250",3,"COR",7,4,20633000,5,0.2090126,0.1987917,-275.8219,-285.4028,FALSE,FALSE,FALSE,0.4587678,0.8947368,2.227,2.071,0.4,0.8,0.4,0.8,0.2,0.4,0.6,0.1777778,0.42,NA,NA,NA,NA,NA,NA
"I_50x250",3,"COR",7,5,20633000,5,0.2030004,0.2044646,-283.4801,-281.9082,FALSE,FALSE,FALSE,0.2289977,0.9736842,2.078,1.992,0.4,0.4,0.4,0.4,0.2,0.2,0.2222222,0.2222222,0.04,NA,NA,NA,NA,NA,NA
"I_100x250",4,"CAL",0,1,20663000,0,0.1367673,0.1360521,-284.633,-286.0409,FALSE,FALSE,FALSE,0.4773146,0.8666667,3.74,3.805,0.1066667,0.05333333,0,0,0.09,0.1,0.33,0.29,0.14,0.06,0.08,FALSE,3.848,TRUE,3.815
"I_100x250",4,"CAL",0,2,20663000,0,0.1390363,0.1388106,-272.514,-273.3436,FALSE,FALSE,FALSE,0.4010659,0.9066667,3.855,3.889,0.09333333,0.08,0,0,0.02,0.02,0.32,0.31,0.13,0.14,0.09333333,FALSE,3.682,NA,NA
"I_100x250",4,"CAL",0,3,20663000,0,0.1323178,0.133192,-286.2166,-285.8304,FALSE,FALSE,FALSE,0.4752439,0.8666667,3.726,4.15,0,0,0,0,0.04,0.08,0.25,0.25,0.2,NA,NA,NA,NA,NA,NA
"I_100x250",4,"CAL",0,4,20663000,0,0.1367606,0.1392151,-276.0368,-274.0525,FALSE,FALSE,FALSE,0.4684041,0.8666667,4.05,3.858,0.05333333,0.12,0,0,0.03,0.01,0.29,0.34,0.23,NA,NA,NA,NA,NA,NA
"I_100x250",4,"CAL",0,5,20663000,0,0.1338878,0.1358077,-282.4474,-280.4445,FALSE,FALSE,FALSE,0.3987689,0.9066667,3.91,3.796,0,0,0,0,0.07,0.04,0.25,0.25,0.14,NA,NA,NA,NA,NA,NA
"I_100x250",4,"IC",1,1,20673000,0,0.1341468,0.1358403,-282.1317,-280.4117,FALSE,FALSE,FALSE,0.4011433,0.9066667,3.862,3.894,0.04,0.02666667,0,0,0.09,0.09,0.28,0.27,0.11,0.01,0.05333333,TRUE,3.826,TRUE,3.861
"I_100x250",4,"IC",1,2,20673000,0,0.132452,0.1334715,-284.9979,-284.1757,FALSE,FALSE,FALSE,0.4229049,0.8933333,3.793,3.823,0,0,0,0,0.09,0.1,0.25,0.25,0.16,0.04,0,FALSE,3.645,NA,NA
"I_100x250",4,"IC",1,3,20673000,0,0.1439534,0.1409434,-267.9439,-271.6229,FALSE,FALSE,FALSE,0.5584029,0.8133333,3.757,3.904,0.2266667,0.2,0.01333333,0.05333333,0,0.02,0.42,0.4,0.22,NA,NA,NA,NA,NA,NA
"I_100x250",4,"IC",1,4,20673000,0,0.141194,0.1371762,-276.407,-281.156,FALSE,FALSE,FALSE,0.419726,0.8933333,4.252,3.879,0.05333333,0.02666667,0,0,0,0,0.29,0.27,0.14,NA,NA,NA,NA,NA,NA
"I_100x250",4,"IC",1,5,20673000,0,0.1368383,0.1359704,-279.6974,-280.9824,FALSE,FALSE,FALSE,0.6294677,0.76,3.983,3.833,0.09333333,0.1066667,0,0.02666667,0.02,0.01,0.32,0.33,0.31,NA,NA,NA,NA,NA,NA
"I_100x250",4,"M010",2,1,20683000,10,0.1382905,0.1381117,-276.5316,-277.0815,FALSE,FALSE,FALSE,0.425635,0.8933333,3.783,3.84,0.3,0.3,0.2,0.3,0.1,0.1,0.3222222,0.2777778,0.08,0.13,0.4,FALSE,3.73,TRUE,3.789
"I_100x250",4,"M010",2,2,20683000,10,0.1338331,0.1368301,-283.4053,-279.9727,FALSE,FALSE,FALSE,0.4020885,0.9066667,3.806,3.691,0.2,0.1,0.2,0.1,0,0,0.2555556,0.2666667,0.14,0.03,0.2,FALSE,3.743,NA,NA
"I_100x250",4,"M010",2,3,20683000,10,0.1369052,0.1368703,-279.1104,-279.5726,FALSE,FALSE,FALSE,0.4138472,0.8933333,3.884,4.022,0.4,0.3,0.4,0.3,0,0,0.2666667,0.2444444,0.13,NA,NA,NA,NA,NA,NA
"I_100x250",4,"M010",2,4,20683000,10,0.135877,0.1353812,-281.2878,-282.2477,FALSE,FALSE,FALSE,0.3851609,0.9066667,4.011,3.853,0.3,0.1,0.3,0.1,0,0,0.2555556,0.2888889,0.11,NA,NA,NA,NA,NA,NA
"I_100x250",4,"M010",2,5,20683000,10,0.1364988,0.136245,-281.0793,-281.8678,FALSE,FALSE,FALSE,0.4693426,0.8666667,3.87,3.803,0.1,0.1,0.1,0.1,0,0,0.3222222,0.2888889,0.15,NA,NA,NA,NA,NA,NA
"I_100x250",4,"M025",3,1,20693000,10,0.1345122,0.1361738,-277.898,-276.8481,FALSE,FALSE,FALSE,0.4791315,0.8666667,3.893,3.926,0.5,0.7,0.3,0.7,0.2,0.2,0.2444444,0.2111111,0.17,0.13,0.6,FALSE,3.702,TRUE,3.78
"I_100x250",4,"M025",3,2,20693000,10,0.1358626,0.1345859,-275.7631,-278.1288,FALSE,FALSE,FALSE,0.4768723,0.8666667,3.871,3.783,0.7,0.6,0.7,0.6,0.2,0.3,0.2111111,0.2111111,0.19,0.04,0.6,FALSE,3.717,NA,NA
"I_100x250",4,"M025",3,3,20693000,10,0.1436081,0.1417232,-269.8977,-272.6059,FALSE,FALSE,FALSE,0.4147731,0.8933333,3.777,3.891,0.7,0.5,0.5,0.3,0,0.1,0.4222222,0.3777778,0.12,NA,NA,NA,NA,NA,NA
"I_100x250",4,"M025",3,4,20693000,10,0.1349819,0.1353874,-283.0463,-282.5469,FALSE,FALSE,FALSE,0.49516,0.8533333,3.973,3.784,0.2,0.4,0.2,0.4,0.1,0.1,0.2666667,0.2555556,0.21,NA,NA,NA,NA,NA,NA
"I_100x250",4,"M025",3,5,20693000,10,0.1378362,0.1338497,-276.2368,-282.2016,FALSE,FALSE,FALSE,0.4448578,0.88,3.874,3.995,0.6,0.6,0.6,0.6,0.4,0.5,0.2777778,0.2222222,0.13,NA,NA,NA,NA,NA,NA
"I_100x250",4,"M050",4,1,20703000,10,0.1399329,0.1413507,-272.2178,-270.9287,FALSE,FALSE,FALSE,0.3767794,0.92,4.091,3.926,1,1,1,1,0.4,0.6,0.2444444,0.2777778,0.11,0.04,1,FALSE,3.669,TRUE,3.79
"I_100x250",4,"M050",4,2,20703000,10,0.1367752,0.1364222,-277.3154,-278.3994,FALSE,FALSE,FALSE,0.4299862,0.8933333,3.875,3.756,0.7,0.9,0.7,0.9,0.4,0.4,0.2444444,0.2,0.14,0.19,0.7,FALSE,3.767,NA,NA
"I_100x250",4,"M050",4,3,20703000,10,0.1347372,0.1361339,-273.0812,-271.8726,FALSE,FALSE,FALSE,0.4948169,0.8533333,3.843,4.082,0.7,1,0.7,1,0.4,0.6,0.2,0.1777778,0.21,NA,NA,NA,NA,NA,NA
"I_100x250",4,"M050",4,4,20703000,10,0.1335412,0.1343143,-280.2406,-280.258,FALSE,FALSE,FALSE,0.4774731,0.8666667,3.968,3.8,0.9,1,0.8,1,0.6,0.7,0.1888889,0.1666667,0.19,NA,NA,NA,NA,NA,NA
"I_100x250",4,"M050",4,5,20703000,10,0.1487286,0.1346314,-258.3055,-275.7162,FALSE,FALSE,FALSE,0.3816424,0.92,3.863,3.896,0.7,0.8,0.7,0.8,0,0.3,0.5888889,0.1888889,0.37,NA,NA,NA,NA,NA,NA
"I_100x250",4,"M025_P20",5,1,20713000,20,0.1428704,0.1423531,-267.3393,-267.9696,FALSE,FALSE,FALSE,0.4440125,0.88,3.984,3.876,0.45,0.45,0.2,0.4,0.05,0.05,0.3875,0.4125,0.06,0.06,0.4,FALSE,3.666,TRUE,3.756
"I_100x250",4,"M025_P20",5,2,20713000,20,0.1466999,0.1447012,-265.2079,-268.0832,FALSE,FALSE,FALSE,0.4480128,0.88,3.808,3.806,0.35,0.45,0.15,0.35,0,0,0.5125,0.4375,0.12,0.09,0.5,FALSE,3.73,NA,NA
"I_100x250",4,"M025_P20",5,3,20713000,20,0.142708,0.142708,-268.0527,-268.4945,FALSE,TRUE,FALSE,0.5186414,0.84,3.824,3.937,0.6,0.5,0.5,0.4,0,0.05,0.325,0.3375,0.13,NA,NA,NA,NA,NA,NA
"I_100x250",4,"M025_P20",5,4,20713000,20,0.1363257,0.1358205,-278.9886,-280.3154,FALSE,FALSE,FALSE,0.4954369,0.8533333,4.164,3.707,0.45,0.6,0.35,0.55,0.1,0.1,0.25,0.175,0.21,NA,NA,NA,NA,NA,NA
"I_100x250",4,"M025_P20",5,5,20713000,20,0.1397392,0.1380167,-277.6066,-280.3361,FALSE,FALSE,FALSE,0.3991234,0.9066667,3.824,3.903,0.6,0.5,0.45,0.45,0.05,0,0.3125,0.25,0.11,NA,NA,NA,NA,NA,NA
"I_100x250",4,"DIF",6,1,20723000,10,0.1389377,0.1384471,-275.6916,-276.9698,FALSE,FALSE,FALSE,0.4580281,0.88,3.94,3.826,0.7,0.6,0.5,0.6,0.2,0.3,0.2777778,0.2444444,0.12,0.14,0.6,FALSE,3.846,TRUE,3.742
"I_100x250",4,"DIF",6,2,20723000,10,0.1362234,0.1339747,-274.8243,-277.7859,FALSE,FALSE,FALSE,0.4488835,0.88,3.713,3.77,0.5,0.5,0.5,0.5,0.2,0.1,0.2888889,0.2444444,0.16,0.23,0.5,FALSE,3.649,NA,NA
"I_100x250",4,"DIF",6,3,20723000,10,0.1357444,0.1357436,-279.0053,-279.1304,FALSE,FALSE,FALSE,0.381227,0.92,3.814,4.026,0.7,0.6,0.7,0.6,0.4,0.3,0.2,0.2333333,0.14,NA,NA,NA,NA,NA,NA
"I_100x250",4,"DIF",6,4,20723000,10,0.1369245,0.1379321,-275.3503,-274.3174,FALSE,FALSE,FALSE,0.460773,0.88,4.038,3.962,0.5,0.8,0.5,0.8,0.1,0.2,0.2666667,0.2555556,0.18,NA,NA,NA,NA,NA,NA
"I_100x250",4,"DIF",6,5,20723000,10,0.1331555,0.1350282,-281.5059,-279.3533,FALSE,FALSE,FALSE,0.4446034,0.88,3.79,3.825,0.5,0.5,0.5,0.5,0.3,0.3,0.2333333,0.2444444,0.19,NA,NA,NA,NA,NA,NA
"I_100x250",4,"COR",7,1,20733000,10,0.1504397,0.1358783,-261.6704,-279.1176,FALSE,FALSE,FALSE,0.5215075,0.84,3.957,3.915,0.3,0.5,0.2,0.5,0,0.2,0.6,0.2222222,0.38,0.07,0.4,FALSE,3.782,TRUE,3.729
"I_100x250",4,"COR",7,2,20733000,10,0.1422902,0.1422426,-272.6314,-273.1668,FALSE,FALSE,FALSE,0.4072948,0.9066667,3.758,3.811,0.2,0.2,0.1,0.2,0,0,0.4666667,0.4222222,0.08,0.05,0.2,FALSE,3.702,NA,NA
"I_100x250",4,"COR",7,3,20733000,10,0.1476219,0.1384613,-268.9405,-280.094,FALSE,FALSE,FALSE,0.5500223,0.8266667,3.762,4.121,0.3,0.5,0.3,0.5,0.1,0.1,0.6111111,0.2333333,0.36,NA,NA,NA,NA,NA,NA
"I_100x250",4,"COR",7,4,20733000,10,0.1419318,0.1430584,-279.2086,-278.853,FALSE,FALSE,FALSE,0.4785906,0.8666667,3.867,3.958,0.2,0.1,0.2,0.1,0,0,0.5,0.4888889,0.12,NA,NA,NA,NA,NA,NA
"I_100x250",4,"COR",7,5,20733000,10,0.1408686,0.1343523,-272.3554,-280.5741,FALSE,FALSE,FALSE,0.4627564,0.88,3.933,3.842,0.1,0.3,0.1,0.3,0.1,0.2,0.3666667,0.2444444,0.21,NA,NA,NA,NA,NA,NA
"AR07_50x200",5,"CAL",0,1,20763000,0,0.2461301,0.2493681,-176.8885,-174.9361,FALSE,FALSE,FALSE,0.4596164,0.8684211,1.429,1.309,0.1052632,0.2368421,0,0,0.02,0,0.32,0.42,0.18,0.3,0.02631579,FALSE,1.436,TRUE,1.315
"AR07_50x200",5,"CAL",0,2,20763000,0,0.2441815,0.2378311,-184.657,-189.2643,FALSE,FALSE,FALSE,0.4617677,0.8684211,1.402,1.39,0.1052632,0,0,0,0,0.04,0.32,0.24,0.16,0.18,0.07894737,FALSE,1.354,NA,NA
"AR07_50x200",5,"CAL",0,3,20763000,0,0.2218757,0.2279095,-208.169,-204.1295,FALSE,FALSE,FALSE,0.4197331,0.8947368,1.307,1.316,0,0,0,0,0.08,0.08,0.24,0.24,0.16,NA,NA,NA,NA,NA,NA
"AR07_50x200",5,"CAL",0,4,20763000,0,0.2179276,0.2249036,-200.2811,-195.751,FALSE,FALSE,FALSE,0.4148316,0.8947368,1.391,1.279,0,0,0,0,0.08,0.08,0.24,0.24,0.16,NA,NA,NA,NA,NA,NA
"AR07_50x200",5,"CAL",0,5,20763000,0,0.2384521,0.2384521,-195.0489,-195.2169,FALSE,TRUE,FALSE,0.5303927,0.8421053,1.348,1.325,0.02631579,0,0,0,0.06,0.04,0.26,0.24,0.22,NA,NA,NA,NA,NA,NA
"AR07_50x200",5,"IC",1,1,20773000,0,0.2330531,0.2361744,-196.8123,-194.9027,FALSE,FALSE,FALSE,0.3376667,0.9210526,1.402,1.3,0,0,0,0,0.04,0.04,0.24,0.24,0.12,0,0,TRUE,1.49,TRUE,1.311
"AR07_50x200",5,"IC",1,2,20773000,0,0.2278124,0.2342638,-189.5399,-185.3911,FALSE,FALSE,FALSE,0.5078829,0.8421053,1.394,1.334,0,0,0,0,0,0,0.24,0.24,0.24,0.04,0,FALSE,1.359,NA,NA
"AR07_50x200",5,"IC",1,3,20773000,0,0.2442063,0.2461499,-194.9862,-193.6477,FALSE,FALSE,FALSE,0.3619766,0.9210526,1.325,1.318,0,0.07894737,0,0,0.04,0.04,0.24,0.3,0.1,NA,NA,NA,NA,NA,NA
"AR07_50x200",5,"IC",1,4,20773000,0,0.2363759,0.240921,-201.2392,-198.2173,FALSE,FALSE,FALSE,0.2715776,0.9473684,1.37,1.289,0.02631579,0.02631579,0,0,0.02,0.02,0.26,0.26,0.08,NA,NA,NA,NA,NA,NA
"AR07_50x200",5,"IC",1,5,20773000,0,0.226276,0.2285668,-199.1994,-197.8805,FALSE,FALSE,FALSE,0.3671452,0.9210526,1.304,1.342,0,0,0,0,0.04,0.06,0.24,0.24,0.12,NA,NA,NA,NA,NA,NA
"AR07_50x200",5,"M010",2,1,20783000,5,0.2292655,0.2292972,-197.9935,-198.1324,FALSE,FALSE,FALSE,0.3132303,0.9473684,1.374,1.339,0.4,0.4,0.4,0.4,0.2,0.2,0.2222222,0.2222222,0.08,0.1,0.2,FALSE,1.429,TRUE,1.316
"AR07_50x200",5,"M010",2,2,20783000,5,0.2268524,0.2269939,-201.4822,-201.6676,FALSE,FALSE,FALSE,0.4179814,0.8947368,1.364,1.298,0.2,0.2,0.2,0.2,0.2,0.2,0.2444444,0.2444444,0.16,0.08,0.2,FALSE,1.347,NA,NA
"AR07_50x200",5,"M010",2,3,20783000,5,0.223716,0.2159587,-200.8759,-206.5287,FALSE,FALSE,FALSE,0.4283191,0.8947368,1.301,1.275,0.6,0.8,0.6,0.8,0.4,0.4,0.2,0.1777778,0.16,NA,NA,NA,NA,NA,NA
"AR07_50x200",5,"M010",2,4,20783000,5,0.2367579,0.243451,-192.8831,-188.4165,FALSE,FALSE,FALSE,0.3776709,0.9210526,1.356,1.263,0.2,0.2,0.2,0.2,0,0,0.2444444,0.3555556,0.18,NA,NA,NA,NA,NA,NA
"AR07_50x200",5,"M010",2,5,20783000,5,0.2474007,0.2359578,-178.7829,-186.356,FALSE,FALSE,FALSE,0.4337875,0.8947368,1.331,1.327,0.2,0,0.2,0,0,0,0.3333333,0.2666667,0.2,NA,NA,NA,NA,NA,NA
"AR07_50x200",5,"M025",3,1,20793000,5,0.2277848,0.2307586,-192.3574,-191.1076,FALSE,FALSE,FALSE,0.4236932,0.8947368,1.354,1.376,0.2,0.2,0.2,0.2,0,0,0.2444444,0.2444444,0.16,0.12,0.2,FALSE,1.451,TRUE,1.246
"AR07_50x200",5,"M025",3,2,20793000,5,0.2443766,0.2450351,-191.6914,-191.7317,FALSE,FALSE,FALSE,0.3769161,0.9210526,1.416,1.383,0.6,0.4,0.4,0.4,0,0,0.2666667,0.2888889,0.04,0.12,0.4,FALSE,1.273,NA,NA
"AR07_50x200",5,"M025",3,3,20793000,5,0.2298611,0.2330872,-189.7019,-188.1644,FALSE,FALSE,FALSE,0.4360541,0.8684211,1.317,1.376,0,0.2,0,0.2,0,0,0.2666667,0.2444444,0.2,NA,NA,NA,NA,NA,NA
"AR07_50x200",5,"M025",3,4,20793000,5,0.2336554,0.2327058,-187.6639,-188.2984,TRUE,FALSE,FALSE,0.001108779,1,1.325,1.348,0.2,0.2,0.2,0.2,0,0,0.2444444,0.2444444,0,NA,NA,NA,NA,NA,NA
"AR07_50x200",5,"M025",3,5,20793000,5,0.241488,0.2388259,-199.9317,-201.6565,TRUE,FALSE,FALSE,0.003130062,1,1.285,1.316,0.4,0.4,0.4,0.4,0,0,0.2444444,0.2222222,0.02,NA,NA,NA,NA,NA,NA
"AR07_50x200",5,"M050",4,1,20803000,5,0.2460181,0.235446,-179.1595,-185.8476,FALSE,FALSE,FALSE,0.4783266,0.8684211,1.315,1.315,0.8,1,0.8,1,0,0.2,0.1777778,0.1555556,0.2,0.1,1,FALSE,1.321,TRUE,1.304
"AR07_50x200",5,"M050",4,2,20803000,5,0.2451659,0.2437396,-185.3459,-186.2729,FALSE,FALSE,FALSE,0.3622864,0.9210526,1.469,1.315,0.8,0.6,0.8,0.6,0,0.2,0.2666667,0.2444444,0.12,0,0.8,TRUE,1.312,NA,NA
"AR07_50x200",5,"M050",4,3,20803000,5,0.2338424,0.2335471,-185.8798,-186.0767,TRUE,FALSE,FALSE,0.0003456069,1,1.221,1.326,1,1,1,1,0,0,0.1555556,0.1555556,0,NA,NA,NA,NA,NA,NA
"AR07_50x200",5,"M050",4,4,20803000,5,0.2360222,0.2360222,-184.9474,-184.8418,FALSE,TRUE,FALSE,0.4827608,0.8684211,1.307,1.402,0.6,0.4,0.6,0.4,0.4,0,0.2222222,0.2222222,0.18,NA,NA,NA,NA,NA,NA
"AR07_50x200",5,"M050",4,5,20803000,5,0.2417979,0.2466944,-185.5491,-182.4434,FALSE,FALSE,FALSE,0.3006635,0.9473684,1.292,1.222,0.6,0.6,0.6,0.6,0.2,0,0.2222222,0.3111111,0.08,NA,NA,NA,NA,NA,NA
"AR07_50x200",5,"M025_P20",5,1,20813000,10,0.2328308,0.2335231,-180.971,-180.909,FALSE,FALSE,FALSE,0.5325143,0.8421053,1.326,1.381,0.3,0.4,0.3,0.4,0.1,0.1,0.225,0.2,0.24,0.3,0.4,FALSE,1.37,TRUE,1.51
"AR07_50x200",5,"M025_P20",5,2,20813000,10,0.2321731,0.2373065,-188.966,-185.3774,FALSE,FALSE,FALSE,0.2775784,0.9473684,1.451,1.244,0.4,0.4,0.4,0.4,0.1,0.1,0.2,0.2,0.08,0,0.4,TRUE,1.286,NA,NA
"AR07_50x200",5,"M025_P20",5,3,20813000,10,0.2285868,0.2372736,-188.5235,-182.8256,FALSE,FALSE,FALSE,0.2915486,0.9473684,1.335,1.282,0.2,0.1,0.2,0.1,0,0,0.25,0.275,0.08,NA,NA,NA,NA,NA,NA
"AR07_50x200",5,"M025_P20",5,4,20813000,10,0.2323635,0.242426,-196.0441,-189.4441,FALSE,FALSE,FALSE,0.2840427,0.9473684,1.286,1.342,0.3,0.2,0.3,0.2,0.1,0,0.225,0.25,0.08,NA,NA,NA,NA,NA,NA
"AR07_50x200",5,"M025_P20",5,5,20813000,10,0.23656,0.2400353,-184.6316,-182.9264,FALSE,FALSE,FALSE,0.4683693,0.8684211,1.326,1.345,0.2,0.2,0.2,0.2,0,0,0.25,0.25,0.2,NA,NA,NA,NA,NA,NA
"AR07_50x200",5,"DIF",6,1,20823000,5,0.2403356,0.2341347,-187.2724,-191.4526,FALSE,FALSE,FALSE,0.3647371,0.9210526,1.386,1.258,0.4,0.6,0.4,0.6,0.2,0.2,0.2666667,0.2,0.12,0.02,0.4,TRUE,1.328,TRUE,1.38
"AR07_50x200",5,"DIF",6,2,20823000,5,0.2316326,0.2282167,-191.9469,-194.5054,FALSE,FALSE,FALSE,0.297382,0.9473684,1.43,1.316,0.4,0.2,0.4,0.2,0,0,0.2222222,0.2444444,0.08,0,0.4,TRUE,1.336,NA,NA
"AR07_50x200",5,"DIF",6,3,20823000,5,0.2493393,0.2464788,-177.9891,-179.8407,FALSE,FALSE,FALSE,0.2713618,0.9473684,1.383,1.302,0.2,0.4,0.2,0.4,0,0.2,0.3333333,0.2666667,0.08,NA,NA,NA,NA,NA,NA
"AR07_50x200",5,"DIF",6,4,20823000,5,0.2471258,0.2443479,-179.52,-181.1322,FALSE,FALSE,FALSE,0.3217553,0.9473684,1.29,1.38,0.6,0.4,0.6,0.4,0.2,0.2,0.2222222,0.2444444,0.08,NA,NA,NA,NA,NA,NA
"AR07_50x200",5,"DIF",6,5,20823000,5,0.2302324,0.2356631,-198.6317,-195.1801,FALSE,FALSE,FALSE,0.2969556,0.9473684,1.34,1.26,0.4,0.4,0.4,0.4,0,0,0.2222222,0.2222222,0.08,NA,NA,NA,NA,NA,NA
"AR07_50x200",5,"COR",7,1,20833000,5,0.2368856,0.2316138,-197.0069,-201.1599,FALSE,FALSE,FALSE,0.4038787,0.8947368,1.297,1.291,0.6,0.4,0.4,0.4,0.4,0.4,0.2222222,0.2222222,0.18,0.2,0.8,FALSE,1.311,TRUE,1.392
"AR07_50x200",5,"COR",7,2,20833000,5,0.2241025,0.2255506,-196.1009,-195.8253,FALSE,FALSE,FALSE,0.3005732,0.9473684,1.267,1.327,0.6,0.8,0.4,0.8,0.4,0.6,0.2222222,0.1777778,0.06,0,0.6,TRUE,1.294,NA,NA
"AR07_50x200",5,"COR",7,3,20833000,5,0.2368826,0.2373538,-191.6423,-191.8628,FALSE,FALSE,FALSE,0.3084857,0.9473684,1.278,1.359,0.6,0.6,0,0.4,0,0.4,0.2666667,0.2222222,0.04,NA,NA,NA,NA,NA,NA
"AR07_50x200",5,"COR",7,4,20833000,5,0.220333,0.2322203,-203.9362,-195.9346,FALSE,FALSE,FALSE,0.2860856,0.9473684,1.28,1.396,0.2,0.2,0.2,0.2,0.2,0.2,0.2444444,0.2444444,0.08,NA,NA,NA,NA,NA,NA
"AR07_50x200",5,"COR",7,5,20833000,5,0.230627,0.2307691,-189.4448,-189.4673,FALSE,FALSE,FALSE,0.3761707,0.9210526,1.355,1.369,0.8,0.8,0.6,0.6,0.6,0.6,0.2,0.2,0.08,NA,NA,NA,NA,NA,NA
"I_100x20",6,"CAL",0,1,20863000,0,1e-06,1e-06,-3.730735,-3.730735,TRUE,TRUE,TRUE,0,1,0.047,0.045,0.02666667,0.02666667,0,0,0.02,0.02,0.27,0.27,0,0,0.02666667,TRUE,0.043,TRUE,0.055
"I_100x20",6,"CAL",0,2,20863000,0,1e-06,1e-06,-3.069296,-3.069296,TRUE,TRUE,TRUE,0,1,0.037,0.045,0.01333333,0.01333333,0,0,0.02,0.02,0.26,0.26,0,0,0.01333333,TRUE,0.048,NA,NA
"I_100x20",6,"CAL",0,3,20863000,0,1e-06,1e-06,-3.936571,-3.936571,TRUE,TRUE,TRUE,0,1,0.049,0.038,0.08,0.08,0,0,0.08,0.08,0.31,0.31,0,NA,NA,NA,NA,NA,NA
"I_100x20",6,"CAL",0,4,20863000,0,1e-06,1e-06,-2.53783,-2.53783,TRUE,TRUE,TRUE,0,1,0.045,0.055,0.06666667,0.06666667,0,0,0.05,0.05,0.3,0.3,0,NA,NA,NA,NA,NA,NA
"I_100x20",6,"CAL",0,5,20863000,0,1e-06,1e-06,-3.930859,-3.930859,TRUE,TRUE,TRUE,0,1,0.036,0.047,0.06666667,0.06666667,0,0,0.08,0.08,0.3,0.3,0,NA,NA,NA,NA,NA,NA
"I_100x20",6,"IC",1,1,20873000,0,1e-06,1e-06,-4.607969,-4.607969,TRUE,TRUE,TRUE,0,1,0.044,0.045,0.02666667,0.02666667,0,0,0.06,0.06,0.27,0.27,0,0,0.02666667,TRUE,0.043,TRUE,0.05
"I_100x20",6,"IC",1,2,20873000,0,1e-06,1e-06,-3.074322,-3.074322,TRUE,TRUE,TRUE,0,1,0.048,0.047,0.09333333,0.09333333,0,0,0.03,0.03,0.32,0.32,0,0,0.09333333,TRUE,0.048,NA,NA
"I_100x20",6,"IC",1,3,20873000,0,1e-06,1e-06,-3.084856,-3.084856,TRUE,TRUE,TRUE,0,1,0.048,0.044,0.08,0.08,0,0,0.04,0.04,0.31,0.31,0,NA,NA,NA,NA,NA,NA
"I_100x20",6,"IC",1,4,20873000,0,1e-06,1e-06,-2.744244,-2.744244,TRUE,TRUE,TRUE,0,1,0.05,0.046,0.08,0.08,0,0,0.02,0.02,0.31,0.31,0,NA,NA,NA,NA,NA,NA
"I_100x20",6,"IC",1,5,20873000,0,1e-06,1e-06,-2.904749,-2.904749,TRUE,TRUE,TRUE,0,1,0.05,0.044,0.01333333,0.01333333,0,0,0.02,0.02,0.26,0.26,0,NA,NA,NA,NA,NA,NA
"I_100x20",6,"M010",2,1,20883000,10,1e-06,1e-06,-3.596217,-3.596217,TRUE,TRUE,TRUE,0,1,0.049,0.04,0.2,0.2,0.1,0.1,0,0,0.2666667,0.2666667,0,0,0.2,TRUE,0.052,TRUE,0.043
"I_100x20",6,"M010",2,2,20883000,10,1e-06,1e-06,-4.42687,-4.42687,TRUE,TRUE,TRUE,0,1,0.047,0.056,0.1,0.1,0.1,0.1,0,0,0.3333333,0.3333333,0,0,0.1,TRUE,0.05,NA,NA
"I_100x20",6,"M010",2,3,20883000,10,1e-06,1e-06,-3.639122,-3.639122,TRUE,TRUE,TRUE,0,1,0.05,0.045,0.3,0.3,0.3,0.3,0,0,0.3,0.3,0,NA,NA,NA,NA,NA,NA
"I_100x20",6,"M010",2,4,20883000,10,1e-06,1e-06,-3.473612,-3.473612,TRUE,TRUE,TRUE,0,1,0.046,0.054,0,0,0,0,0,0,0.3111111,0.3111111,0,NA,NA,NA,NA,NA,NA
"I_100x20",6,"M010",2,5,20883000,10,1e-06,1e-06,-4.460831,-4.460831,TRUE,TRUE,TRUE,0,1,0.052,0.042,0.5,0.5,0.4,0.4,0.1,0.1,0.2888889,0.2888889,0,NA,NA,NA,NA,NA,NA
"I_100x20",6,"M025",3,1,20893000,10,1e-06,1e-06,-3.088262,-3.088262,TRUE,TRUE,TRUE,0,1,0.055,0.056,0.4,0.4,0.2,0.2,0.1,0.1,0.2777778,0.2777778,0,0,0.4,TRUE,0.043,TRUE,0.051
"I_100x20",6,"M025",3,2,20893000,10,1e-06,1e-06,-4.110403,-4.110403,TRUE,TRUE,TRUE,0,1,0.05,0.049,0.2,0.2,0.1,0.1,0,0,0.3,0.3,0,0,0.2,TRUE,0.054,NA,NA
"I_100x20",6,"M025",3,3,20893000,10,1e-06,1e-06,-2.370905,-2.370905,TRUE,TRUE,TRUE,0,1,0.057,0.062,0.3,0.3,0.3,0.3,0,0,0.2777778,0.2777778,0,NA,NA,NA,NA,NA,NA
"I_100x20",6,"M025",3,4,20893000,10,1e-06,1e-06,-3.322773,-3.322773,TRUE,TRUE,TRUE,0,1,0.047,0.045,0.6,0.6,0.5,0.5,0.1,0.1,0.3111111,0.3111111,0,NA,NA,NA,NA,NA,NA
"I_100x20",6,"M025",3,5,20893000,10,1e-06,1e-06,-2.774274,-2.774274,TRUE,TRUE,TRUE,0,1,0.05,0.04,0.2,0.2,0.2,0.2,0,0,0.3,0.3,0,NA,NA,NA,NA,NA,NA
"I_100x20",6,"M050",4,1,20903000,10,1e-06,1e-06,-4.416221,-4.416221,TRUE,TRUE,TRUE,0,1,0.065,0.045,0.6,0.6,0.4,0.4,0.2,0.2,0.3,0.3,0,0,0.6,TRUE,0.052,TRUE,0.046
"I_100x20",6,"M050",4,2,20903000,10,1e-06,1e-06,-4.258779,-4.258779,TRUE,TRUE,TRUE,0,1,0.05,0.04,0.4,0.4,0.3,0.3,0.2,0.2,0.3222222,0.3222222,0,0,0.4,TRUE,0.044,NA,NA
"I_100x20",6,"M050",4,3,20903000,10,1e-06,1e-06,-2.837491,-2.837491,TRUE,TRUE,TRUE,0,1,0.068,0.044,0.5,0.5,0.5,0.5,0.1,0.1,0.2444444,0.2444444,0,NA,NA,NA,NA,NA,NA
"I_100x20",6,"M050",4,4,20903000,10,1e-06,1e-06,-2.789788,-2.789788,TRUE,TRUE,TRUE,0,1,0.045,0.042,0.5,0.5,0.4,0.4,0,0,0.2888889,0.2888889,0,NA,NA,NA,NA,NA,NA
"I_100x20",6,"M050",4,5,20903000,10,1e-06,1e-06,-2.208223,-2.208223,TRUE,TRUE,TRUE,0,1,0.042,0.039,0.3,0.3,0.3,0.3,0.1,0.1,0.2666667,0.2666667,0,NA,NA,NA,NA,NA,NA
"I_100x20",6,"M025_P20",5,1,20913000,20,1e-06,1e-06,-3.88145,-3.88145,TRUE,TRUE,TRUE,0,1,0.051,0.047,0.45,0.45,0.4,0.4,0.15,0.15,0.2625,0.2625,0,0,0.45,TRUE,0.047,TRUE,0.045
"I_100x20",6,"M025_P20",5,2,20913000,20,1e-06,1e-06,-3.080437,-3.080437,TRUE,TRUE,TRUE,0,1,0.056,0.041,0.2,0.2,0.2,0.2,0.1,0.1,0.3,0.3,0,0,0.2,TRUE,0.05,NA,NA
"I_100x20",6,"M025_P20",5,3,20913000,20,1e-06,1e-06,-3.586952,-3.586952,TRUE,TRUE,TRUE,0,1,0.056,0.051,0.45,0.45,0.35,0.35,0.1,0.1,0.3,0.3,0,NA,NA,NA,NA,NA,NA
"I_100x20",6,"M025_P20",5,4,20913000,20,1e-06,1e-06,-3.950306,-3.950306,TRUE,TRUE,TRUE,0,1,0.042,0.046,0.2,0.2,0.2,0.2,0.05,0.05,0.2625,0.2625,0,NA,NA,NA,NA,NA,NA
"I_100x20",6,"M025_P20",5,5,20913000,20,1e-06,1e-06,-3.363412,-3.363412,TRUE,TRUE,TRUE,0,1,0.041,0.039,0.15,0.15,0.1,0.1,0,0,0.3,0.3,0,NA,NA,NA,NA,NA,NA
"I_100x20",6,"DIF",6,1,20923000,10,1e-06,1e-06,-2.97315,-2.97315,TRUE,TRUE,TRUE,0,1,0.045,0.05,1,1,0.8,0.8,0.3,0.3,0.2333333,0.2333333,0,0,1,TRUE,0.046,TRUE,0.048
"I_100x20",6,"DIF",6,2,20923000,10,1e-06,1e-06,-4.50083,-4.50083,TRUE,TRUE,TRUE,0,1,0.044,0.054,1,1,1,1,0.3,0.3,0.2333333,0.2333333,0,0,1,TRUE,0.048,NA,NA
"I_100x20",6,"DIF",6,3,20923000,10,1e-06,1e-06,-0.9403958,-0.9403958,TRUE,TRUE,TRUE,0,1,0.041,0.055,1,1,0.9,0.9,0.7,0.7,0.2222222,0.2222222,0,NA,NA,NA,NA,NA,NA
"I_100x20",6,"DIF",6,4,20923000,10,1e-06,1e-06,-2.777491,-2.777491,TRUE,TRUE,TRUE,0,1,0.035,0.042,1,1,0.9,0.9,0.5,0.5,0.2555556,0.2555556,0,NA,NA,NA,NA,NA,NA
"I_100x20",6,"DIF",6,5,20923000,10,1e-06,1e-06,-3.030999,-3.030999,TRUE,TRUE,TRUE,0,1,0.041,0.035,0.9,0.9,0.7,0.7,0.4,0.4,0.2666667,0.2666667,0,NA,NA,NA,NA,NA,NA
"I_100x20",6,"COR",7,1,20933000,10,1e-06,1e-06,-3.538128,-3.538128,TRUE,TRUE,TRUE,0,1,0.036,0.037,0.4,0.4,0.4,0.4,0,0,0.2555556,0.2555556,0,0,0.4,TRUE,0.033,TRUE,0.05
"I_100x20",6,"COR",7,2,20933000,10,1e-06,1e-06,-4.217758,-4.217758,TRUE,TRUE,TRUE,0,1,0.062,0.044,0.2,0.2,0.2,0.2,0,0,0.2888889,0.2888889,0,0,0.2,TRUE,0.054,NA,NA
"I_100x20",6,"COR",7,3,20933000,10,1e-06,1e-06,-5.226249,-5.226249,TRUE,TRUE,TRUE,0,1,0.044,0.041,0.3,0.3,0.3,0.3,0.1,0.1,0.3333333,0.3333333,0,NA,NA,NA,NA,NA,NA
"I_100x20",6,"COR",7,4,20933000,10,1e-06,1e-06,-4.903611,-4.903611,TRUE,TRUE,TRUE,0,1,0.042,0.036,0.2,0.2,0.2,0.2,0.1,0.1,0.3,0.3,0,NA,NA,NA,NA,NA,NA
"I_100x20",6,"COR",7,5,20933000,10,1e-06,1e-06,-4.51441,-4.51441,TRUE,TRUE,TRUE,0,1,0.032,0.034,0.1,0.1,0.1,0.1,0,0,0.3777778,0.3777778,0,NA,NA,NA,NA,NA,NA
"AR05_100x200",7,"CAL",0,1,20963000,0,0.1474494,0.1493493,-196.6813,-195.5713,FALSE,FALSE,FALSE,0.3172651,0.9333333,2.789,2.539,0.04,0.01333333,0,0,0.03,0.05,0.28,0.26,0.08,0.02,0.04,FALSE,2.58,TRUE,2.48
"AR05_100x200",7,"CAL",0,2,20963000,0,0.1509334,0.1523615,-196.2077,-195.6401,FALSE,FALSE,FALSE,0.3419513,0.92,2.422,2.613,0.09333333,0.06666667,0,0,0.03,0.04,0.32,0.3,0.1,0.15,0.05333333,FALSE,2.52,NA,NA
"AR05_100x200",7,"CAL",0,3,20963000,0,0.1439914,0.1454448,-195.5666,-194.9046,FALSE,FALSE,FALSE,0.3352291,0.92,2.582,2.5,0.01333333,0.05333333,0,0,0.07,0.06,0.26,0.29,0.15,NA,NA,NA,NA,NA,NA
"AR05_100x200",7,"CAL",0,4,20963000,0,0.1448895,0.1440862,-201.5104,-201.8134,FALSE,FALSE,FALSE,0.3118279,0.92,2.483,2.535,0.02666667,0.05333333,0,0,0.09,0.08,0.27,0.29,0.12,NA,NA,NA,NA,NA,NA
"AR05_100x200",7,"CAL",0,5,20963000,0,0.1498662,0.1487668,-192.7274,-194.0371,FALSE,FALSE,FALSE,0.3681976,0.9066667,2.377,2.473,0.08,0.06666667,0,0,0.03,0.02,0.31,0.3,0.13,NA,NA,NA,NA,NA,NA
"AR05_100x200",7,"IC",1,1,20973000,0,0.1437459,0.1478769,-197.6757,-195.1056,FALSE,FALSE,FALSE,0.4614546,0.8666667,2.77,2.449,0.06666667,0,0,0,0.06,0.09,0.3,0.25,0.15,0.13,0.02666667,FALSE,2.509,TRUE,2.467
"AR05_100x200",7,"IC",1,2,20973000,0,0.149369,0.1470759,-194.8219,-196.3471,FALSE,FALSE,FALSE,0.3408146,0.92,2.484,2.586,0.04,0.06666667,0,0,0.06,0.07,0.28,0.3,0.08,0,0.04,FALSE,2.632,NA,NA
"AR05_100x200",7,"IC",1,3,20973000,0,0.1506162,0.1510162,-192.6329,-192.5026,FALSE,FALSE,FALSE,0.3698412,0.9066667,2.462,2.492,0.09333333,0.08,0,0,0,0.02,0.32,0.31,0.11,NA,NA,NA,NA,NA,NA
"AR05_100x200",7,"IC",1,4,20973000,0,0.1462674,0.143819,-193.2275,-196.1302,FALSE,FALSE,FALSE,0.4069342,0.8933333,2.52,2.53,0.05333333,0,0,0,0.07,0.11,0.29,0.25,0.14,NA,NA,NA,NA,NA,NA
"AR05_100x200",7,"IC",1,5,20973000,0,0.1430677,0.1441165,-200.8972,-200.263,FALSE,FALSE,FALSE,0.3157072,0.9333333,2.474,2.528,0.04,0.02666667,0,0,0.06,0.07,0.28,0.27,0.07,NA,NA,NA,NA,NA,NA
"AR05_100x200",7,"M010",2,1,20983000,10,0.1487155,0.1507824,-193.9114,-192.5527,FALSE,FALSE,FALSE,0.4211734,0.88,2.655,2.637,0.2,0.3,0.2,0.3,0,0,0.3,0.3111111,0.12,0.04,0.2,FALSE,2.418,TRUE,2.499
"AR05_100x200",7,"M010",2,2,20983000,10,0.1507207,0.1517697,-195.2674,-194.1249,FALSE,FALSE,FALSE,0.301834,0.9333333,2.523,2.515,0.4,0.3,0.4,0.3,0,0,0.3,0.3444444,0.11,0,0.4,TRUE,2.49,NA,NA
"AR05_100x200",7,"M010",2,3,20983000,10,0.1460482,0.1496502,-199.9268,-197.5129,FALSE,FALSE,FALSE,0.3856638,0.9066667,2.442,2.574,0.2,0.2,0.1,0.2,0,0,0.2666667,0.2777778,0.15,NA,NA,NA,NA,NA,NA
"AR05_100x200",7,"M010",2,4,20983000,10,0.1459001,0.150123,-200.0911,-197.0365,FALSE,FALSE,FALSE,0.3940308,0.8933333,2.493,2.562,0,0,0,0,0,0,0.2888889,0.3333333,0.18,NA,NA,NA,NA,NA,NA
"AR05_100x200",7,"M010",2,5,20983000,10,0.1483198,0.1461287,-195.1552,-197.2151,FALSE,FALSE,FALSE,0.4212618,0.88,2.478,2.551,0.5,0.3,0.5,0.3,0,0,0.2555556,0.2555556,0.16,NA,NA,NA,NA,NA,NA
"AR05_100x200",7,"M025",3,1,20993000,10,0.1486923,0.1445757,-191.965,-196.0259,FALSE,FALSE,FALSE,0.4841175,0.84,2.777,2.542,0.4,0.4,0.4,0.3,0.1,0.1,0.3,0.2666667,0.25,0.28,0.2,FALSE,2.456,TRUE,2.474
"AR05_100x200",7,"M025",3,2,20993000,10,0.1468164,0.1518696,-189.9036,-185.9676,FALSE,FALSE,FALSE,0.3376534,0.92,2.441,2.494,0.3,0.5,0.3,0.5,0.1,0.1,0.2777778,0.2444444,0.11,0.01,0.3,TRUE,2.495,NA,NA
"AR05_100x200",7,"M025",3,3,20993000,10,0.1508797,0.1508797,-196.1217,-196.1231,FALSE,TRUE,FALSE,0.4351761,0.8666667,2.429,2.497,0.3,0.3,0.3,0.2,0,0,0.3333333,0.3666667,0.19,NA,NA,NA,NA,NA,NA
"AR05_100x200",7,"M025",3,4,20993000,10,0.1532373,0.1499191,-193.3911,-196.8854,FALSE,FALSE,FALSE,0.4657302,0.8533333,2.466,2.518,0.4,0.6,0.3,0.5,0,0,0.3444444,0.2666667,0.17,NA,NA,NA,NA,NA,NA
"AR05_100x200",7,"M025",3,5,20993000,10,0.1478887,0.1498426,-196.1616,-194.9823,FALSE,FALSE,FALSE,0.3953617,0.8933333,2.545,2.479,0.4,0.4,0.4,0.4,0.1,0.1,0.2777778,0.2777778,0.12,NA,NA,NA,NA,NA,NA
"AR05_100x200",7,"M050",4,1,21003000,10,0.1542364,0.1517417,-192.8638,-195.0578,FALSE,FALSE,FALSE,0.3697855,0.9066667,2.474,2.436,0.5,0.5,0.5,0.5,0,0,0.3,0.2555556,0.12,0.01,0.5,FALSE,2.459,TRUE,2.522
"AR05_100x200",7,"M050",4,2,21003000,10,0.1462632,0.1504702,-192.5625,-189.4817,FALSE,FALSE,FALSE,0.3683409,0.9066667,2.899,3.545,0.6,0.7,0.6,0.7,0.2,0.2,0.2444444,0.2333333,0.14,0,0.6,TRUE,2.496,NA,NA
"AR05_100x200",7,"M050",4,3,21003000,10,0.1460327,0.1486613,-192.5801,-191.8094,FALSE,FALSE,FALSE,0.3782717,0.9066667,3.14,3.378,0.7,0.5,0.7,0.5,0.3,0.2,0.2555556,0.2333333,0.12,NA,NA,NA,NA,NA,NA
"AR05_100x200",7,"M050",4,4,21003000,10,0.1441798,0.1428478,-195.4204,-197.4316,FALSE,FALSE,FALSE,0.2915902,0.9466667,3.432,2.634,0.9,0.9,0.8,0.9,0.4,0.5,0.2333333,0.1888889,0.06,NA,NA,NA,NA,NA,NA
"AR05_100x200",7,"M050",4,5,21003000,10,0.1513539,0.165029,-188.5423,-177.9517,FALSE,FALSE,FALSE,0.3690851,0.9066667,3.078,2.653,0.9,1,0.9,0.9,0.2,0.2,0.2222222,0.3111111,0.15,NA,NA,NA,NA,NA,NA
"AR05_100x200",7,"M025_P20",5,1,21013000,20,0.1478014,0.1501234,-193.865,-192.6392,FALSE,FALSE,FALSE,0.3115418,0.9333333,2.774,2.586,0.45,0.55,0.4,0.5,0.05,0.1,0.25,0.2125,0.09,0.05,0.5,FALSE,2.461,TRUE,2.53
"AR05_100x200",7,"M025_P20",5,2,21013000,20,0.159243,0.1519039,-188.6023,-194.519,FALSE,FALSE,FALSE,0.3177588,0.9333333,3.191,3.219,0.35,0.3,0.3,0.25,0,0,0.3625,0.3625,0.05,0,0.35,TRUE,2.599,NA,NA
"AR05_100x200",7,"M025_P20",5,3,21013000,20,0.1603208,0.1606937,-188.9423,-188.7002,FALSE,FALSE,FALSE,0.4069307,0.88,3.179,3.824,0.35,0.25,0.25,0.1,0,0,0.3875,0.4375,0.2,NA,NA,NA,NA,NA,NA
"AR05_100x200",7,"M025_P20",5,4,21013000,20,0.1472483,0.1488521,-193.8204,-192.4934,TRUE,FALSE,FALSE,0.001580428,1,3.161,3.084,0.4,0.4,0.4,0.4,0.1,0.1,0.2625,0.2875,0.02,NA,NA,NA,NA,NA,NA
"AR05_100x200",7,"M025_P20",5,5,21013000,20,0.1468037,0.1452181,-196.803,-198.6241,FALSE,FALSE,FALSE,0.4170834,0.88,2.763,3.152,0.4,0.45,0.35,0.4,0.15,0.15,0.25,0.25,0.17,NA,NA,NA,NA,NA,NA
"AR05_100x200",7,"DIF",6,1,21023000,10,0.1496545,0.1451269,-191.8706,-196.0716,FALSE,FALSE,FALSE,0.4142832,0.88,2.526,2.59,0.5,0.4,0.3,0.3,0,0.1,0.3,0.2666667,0.16,0.03,0.5,FALSE,2.458,TRUE,2.558
"AR05_100x200",7,"DIF",6,2,21023000,10,0.1504653,0.1512132,-191.3561,-190.9997,FALSE,FALSE,FALSE,0.3836333,0.9066667,3.113,3.325,0.4,0.3,0.4,0.3,0,0.1,0.3,0.2777778,0.15,0,0.4,TRUE,2.531,NA,NA
"AR05_100x200",7,"DIF",6,3,21023000,10,0.1454147,0.1450019,-193.4417,-193.7901,TRUE,FALSE,FALSE,0.0004066315,1,3.04,3.696,0.4,0.4,0.3,0.3,0,0,0.2777778,0.2888889,0.01,NA,NA,NA,NA,NA,NA
"AR05_100x200",7,"DIF",6,4,21023000,10,0.1508811,0.1526106,-193.5892,-192.6249,FALSE,FALSE,FALSE,0.4457545,0.8666667,2.998,2.914,0.3,0.5,0.2,0.5,0,0,0.3,0.2888889,0.19,NA,NA,NA,NA,NA,NA
"AR05_100x200",7,"DIF",6,5,21023000,10,0.1505896,0.1486072,-194.3926,-196.2524,FALSE,FALSE,FALSE,0.3612025,0.9066667,2.917,2.719,0.4,0.4,0.4,0.3,0.2,0.2,0.2777778,0.2666667,0.13,NA,NA,NA,NA,NA,NA
"AR05_100x200",7,"COR",7,1,21033000,10,0.1408843,0.1428999,-203.0048,-201.9691,FALSE,FALSE,FALSE,0.4728235,0.8666667,2.572,2.535,0.2,0.2,0.2,0.2,0.1,0.2,0.2888889,0.2888889,0.18,0.18,0.2,FALSE,2.517,TRUE,2.483
"AR05_100x200",7,"COR",7,2,21033000,10,0.1380551,0.1367557,-207.9885,-209.347,FALSE,FALSE,FALSE,0.4158509,0.8933333,3.257,3.132,0.3,0.2,0.3,0.2,0.3,0.2,0.2888889,0.2777778,0.12,0.01,0.3,FALSE,2.62,NA,NA
"AR05_100x200",7,"COR",7,3,21033000,10,0.1429482,0.1392818,-201.3174,-205.1372,FALSE,FALSE,FALSE,0.4646906,0.8666667,3.122,3.764,0.5,0.5,0.3,0.4,0.3,0.4,0.3555556,0.3,0.19,NA,NA,NA,NA,NA,NA
"AR05_100x200",7,"COR",7,4,21033000,10,0.1473036,0.1495343,-192.4343,-192.0223,FALSE,FALSE,FALSE,0.4368602,0.8666667,3.114,3.165,0.6,0.7,0.4,0.6,0.2,0.4,0.2888889,0.2444444,0.17,NA,NA,NA,NA,NA,NA
"AR05_100x200",7,"COR",7,5,21033000,10,0.1401713,0.1391322,-203.3494,-205.3328,FALSE,FALSE,FALSE,0.4226641,0.88,2.72,3.009,0.5,0.5,0.3,0.4,0.2,0.4,0.2888889,0.2777778,0.15,NA,NA,NA,NA,NA,NA
